856342,3/8/17 6:30,1,training1,training1,,NA,NA,‘ά_“Ξ“Ϋ “γΟ“Ο_“«“χ “Κγ“άΟ“_© _΅“ό’χ¥“_Ι‘άφ‘ά_.,images/training001.jpg,“γΟ“Ο_“«΅Ϋ ‘γ_ ΅Ο“χ  _΅“ό’χ¥“γ “Κγ“άΟ’¥« ‘ “¤Ϋ “¥_“¥χ‘ά_.,yes
856342,3/8/17 6:30,2,training2,training2,,NA,NA,‘ά_“Ξ“Ϋ ’¥χ“Ϋ“«“χ “¥Κ“γ‘‘Β_ _Κ“ΠΤ“«“_Ι‘άφ‘ά_.,images/training002.jpg,’¥χ“Ϋ“«΅Ϋ ‘Τ ‘¤φ‘_Β“χ  _Κ“ΠΤ“«‘΄_ “¥φ ’β_“_«‘ά_.,no
856342,3/8/17 6:30,3,test6,paper,NQ,long,regular,‘ά_“Ξ“Ϋ “¤Ϋ’χό“χ “ΆΙ“«“_Ι‘άφ‘ά_.,images/NQ_paper_post.jpg,“¤Ϋ’χό΅Ϋ ‘γ_ “_΄“χ  “ΆΙ“«‘΄_ µΒό΅“¤Ϋ “¥_“¥χ‘ά_.,yes
856342,3/8/17 6:30,4,test1,book,QN,short,regular,‘ά_“Ξ“Ϋ “¤Ϋ“_΅“χ “±Ι“_Ι‘άφ‘ά_.,images/QN_book_post.jpg,“¤Ϋ“_΅΅Ϋ “γό ¦Ξ“χ  “±Ι“γ “¥φ ’__“__‘ά_.,yes
856342,3/8/17 6:30,5,test3,triangle,QN+,short,moreThan,‘ά_“Ξ“Ϋ “_Κ“φχ“χ “γό‘»¬“_Ι‘άφ‘ά_.,images/QN+_triangle_post.jpg,“_Κ“φχ΅Ϋ “γό ΅Ο “«“Δ“χ “γό‘»¬‘΄_ “¥φ “_Κ’Πφ‘ά_.,yes
856342,3/8/17 6:30,6,test4,pencil,NQ+,short,moreThan,‘ά_“Ξ“Ϋ “¤Ϋ“¥γ“χ “Ρ΅’¥γ“_Ι‘άφ‘ά_.,images/NQ+_pencil_post.jpg,“¤Ϋ“¥γ΅Ϋ ‘γ_ ΅Ο “«“Δ“χ “Ρ΅’¥γ“γ “¥φ ‘¦Ϋ‘ΩΒ‘Ο¬‘Κό‘ά_.,yes
856342,3/8/17 6:30,7,test8,cup,NQ+,long,moreThan,‘ά_“Ξ“Ϋ ‘ψ_“γΟ“χ “Θµ“_Ι‘άφ‘ά_.,images/NQ+_cup_post.jpg,‘ψ_“γΟ΅Ϋ ‘γ_ ΅Ο “«“Δ“χ “Θµ“γ ‘Υ_“¤Τ“¤Ϋ “¥_“¥χ‘ά_.,yes
856342,3/8/17 6:30,8,test5,bowling,QN,long,regular,‘ά_“Ξ“Ϋ “£_“έ“«“χ ‘__‘¤’¥Ϋ“_Ι‘άφ‘ά_.,images/QN_bowling_post.jpg,“£_“έ“«΅Ϋ ‘γ_ ΅Ο“χ  ‘__‘¤’¥Ϋ“γ ‘γχ“Π«‘Ο¬‘_Β“¤Ϋ “¥_“¥χ‘ά_.,yes
856342,3/8/17 6:30,9,test7,box,QN+,long,moreThan,‘ά_“Ξ“Ϋ “γΟ“Ρ΅“«“χ “Δ“_“_Ι‘άφ‘ά_.,images/QN+_box_post.jpg,“γΟ“Ρ΅“«΅Ϋ “γό ΅Ο “«“Δ“χ “Δ“_‘΄_ “Ρ«“¤Ϋ “¥_“¥χ‘ά_.,yes
182673,3/8/17 7:45,1,training1,training1,,NA,NA,‘ά_“Ξ“Ϋ “γΟ“Ο_“«“χ “Κγ“άΟ“_© _΅“ό’χ¥“_Ι‘άφ‘ά_.,images/training001.jpg,“γΟ“Ο_“«΅Ϋ ‘γ_ ΅Ο“χ  _΅“ό’χ¥“γ “Κγ“άΟ’¥« ‘ “¤Ϋ “¥_“¥χ‘ά_.,yes
182673,3/8/17 7:45,2,training2,training2,,NA,NA,‘ά_“Ξ“Ϋ “¤Ϋ’χό“χ “¥Κ“γ‘‘Β_ _Κ“ΠΤ“«“_Ι‘άφ‘ά_.,images/training002.jpg,“¤Ϋ’χό΅Ϋ ‘Τ ‘¤φ‘_Β“χ  _Κ“ΠΤ“«‘΄_ “¥φ ’β_“_«‘ά_.,no
182673,3/8/17 7:45,3,test6,bowling,NQ,long,regular,‘ά_“Ξ“Ϋ “γΟ“Ρ΅“«“χ ‘__‘¤’¥Ϋ“_Ι‘άφ‘ά_.,images/NQ_bowling_post.jpg,“γΟ“Ρ΅“«΅Ϋ ‘γ_ ΅Ο“χ  ‘__‘¤’¥Ϋ“γ ‘γχ“Π«‘Ο¬‘_Β“¤Ϋ “¥_“¥χ‘ά_.,yes
182673,3/8/17 7:45,4,test8,book,NQ+,long,moreThan,‘ά_“Ξ“Ϋ ‘ψ_“γΟ“χ “±Ι“_Ι‘άφ‘ά_.,images/NQ+_book_post.jpg,‘ψ_“γΟ΅Ϋ “γό ¦Ξ “«“Δ“χ “±Ι“γ ’__“_χ“¤Ϋ “¥_“¥χ‘ά_.,yes
182673,3/8/17 7:45,5,test1,paper,QN,short,regular,‘ά_“Ξ“Ϋ “£_“έ“«“χ “ΆΙ“«“_Ι‘άφ‘ά_.,images/QN_paper_post.jpg,“£_“έ“«΅Ϋ ‘γ_ “_΄“χ  “ΆΙ“«‘΄_ “¥φ µΒ__‘ά_.,no
182673,3/8/17 7:45,6,test3,box,QN+,short,moreThan,‘ά_“Ξ“Ϋ ‘ψ_“_Ϋ“«“χ “Δ“_“_Ι‘άφ‘ά_.,images/QN+_box_post.jpg,‘ψ_“_Ϋ“«΅Ϋ “γό ΅Ο “«“Δ“χ “Δ“_‘΄_ “¥φ “Ρ«“Ρφ‘ά_.,no
182673,3/8/17 7:45,7,test7,cup,QN+,long,moreThan,‘ά_“Ξ“Ϋ “_Κ“φχ“χ “Θµ“_Ι‘άφ‘ά_.,images/QN+_cup_post.jpg,“_Κ“φχ΅Ϋ ‘γ_ ΅Ο “«“Δ“χ “Θµ“γ ‘Υ_“¤Τ“¤Ϋ “¥_“¥χ‘ά_.,no
182673,3/8/17 7:45,8,test2,pencil,NQ,short,regular,‘ά_“Ξ“Ϋ ’¥χ“Ϋ“«“χ “Ρ΅’¥γ“_Ι‘άφ‘ά_.,images/NQ_pencil_post.jpg,’¥χ“Ϋ“«΅Ϋ ‘γ_ ΅Ο“χ  “Ρ΅’¥γ“γ “¥φ ‘¦Ϋ‘ΩΒ‘Ο¬‘Κό‘ά_.,no
182673,3/8/17 7:45,9,test5,balloon,QN,long,regular,‘ά_“Ξ“Ϋ “¤Ϋ“¥γ“χ ’Υ“γΚ“_Ι‘άφ‘ά_.,images/QN_balloon_post.jpg,“¤Ϋ“¥γ΅Ϋ “γό ΅Ο“χ  ’Υ“γΚ“γ ’γ΅’_ό‘_Β“¤Ϋ “¥_“¥χ‘ά_.,yes
182673,3/8/17 7:45,10,test4,triangle,NQ+,short,moreThan,‘ά_“Ξ“Ϋ “¤Ϋ“_΅“χ “γό‘»¬“_Ι‘άφ‘ά_.,images/NQ+_triangle_post.jpg,“¤Ϋ“_΅΅Ϋ “γό ΅Ο “«“Δ“χ “γό‘»¬‘΄_ “¥φ “_Κ’Πφ‘ά_.,no
871522,2/8/17 15:57,1,training1,training1,,NA,NA,‘ά_“Ξ“Ϋ “¤Ϋ“¥γ“χ “Κγ“άΟ“_© _΅“ό’χ¥“_Ι‘άφ‘ά_.,images/training001.jpg,“¤Ϋ“¥γ΅Ϋ ‘γ_ ΅Ο“χ  _΅“ό’χ¥“γ “Κγ“άΟ’¥« ‘ “¤Ϋ “¥_“¥χ‘ά_.,yes
871522,2/8/17 15:57,2,training2,training2,,NA,NA,‘ά_“Ξ“Ϋ ‘ψ_“_Ϋ“«“χ “¥Κ“γ‘‘Β_ _Κ“ΠΤ“«“_Ι‘άφ‘ά_.,images/training002.jpg,‘ψ_“_Ϋ“«΅Ϋ ‘Τ ‘¤φ‘_Β“χ  _Κ“ΠΤ“«‘΄_ “¥φ ’β_“_«‘ά_.,no
871522,2/8/17 15:57,3,test3,cup,QN+,short,moreThan,‘ά_“Ξ“Ϋ “_Κ“φχ“χ “Θµ“_Ι‘άφ‘ά_.,images/QN+_cup_post.jpg,“_Κ“φχ΅Ϋ ‘γ_ ΅Ο “«“Δ“χ “Θµ“γ “¥φ ‘Υ_“¤Τ“Ρφ‘ά_.,no
871522,2/8/17 15:57,4,test6,box,NQ,long,regular,‘ά_“Ξ“Ϋ “¤Ϋ’χό“χ “Δ“_“_Ι‘άφ‘ά_.,images/NQ_box_post.jpg,“¤Ϋ’χό΅Ϋ “γό ΅Ο“χ  “Δ“_‘΄_ “Ρ«“¤Ϋ “¥_“¥χ‘ά_.,yes
871522,2/8/17 15:57,5,test4,pencil,NQ+,short,moreThan,‘ά_“Ξ“Ϋ “γΟ“Ρ΅“«“χ “Ρ΅’¥γ“_Ι‘άφ‘ά_.,images/NQ+_pencil_post.jpg,“γΟ“Ρ΅“«΅Ϋ ‘γ_ ΅Ο “«“Δ“χ “Ρ΅’¥γ“γ “¥φ ‘¦Ϋ‘ΩΒ‘Ο¬‘Κό‘ά_.,yes
871522,2/8/17 15:57,6,test7,book,QN+,long,moreThan,‘ά_“Ξ“Ϋ “¤Ϋ“_΅“χ “±Ι“_Ι‘άφ‘ά_.,images/QN+_book_post.jpg,“¤Ϋ“_΅΅Ϋ “γό ¦Ξ “«“Δ“χ “±Ι“γ ’__“_χ“¤Ϋ “¥_“¥χ‘ά_.,no
871522,2/8/17 15:57,7,test1,triangle,QN,short,regular,‘ά_“Ξ“Ϋ “γΟ“Ο_“«“χ “γό‘»¬“_Ι‘άφ‘ά_.,images/QN_triangle_post.jpg,“γΟ“Ο_“«΅Ϋ “γό ΅Ο“χ  “γό‘»¬‘΄_ “¥φ “_Κ’Πφ‘ά_.,yes
871522,2/8/17 15:57,8,test8,balloon,NQ+,long,moreThan,‘ά_“Ξ“Ϋ ’¥χ“Ϋ“«“χ ’Υ“γΚ“_Ι‘άφ‘ά_.,images/NQ+_balloon_post.jpg,’¥χ“Ϋ“«΅Ϋ “γό ΅Ο “«“Δ“χ ’Υ“γΚ“γ ’γ΅’_ό‘_Β“¤Ϋ “¥_“¥χ‘ά_.,yes
871522,2/8/17 15:57,9,test5,bowling,QN,long,regular,‘ά_“Ξ“Ϋ ‘ψ_“γΟ“χ ‘__‘¤’¥Ϋ“_Ι‘άφ‘ά_.,images/QN_bowling_post.jpg,‘ψ_“γΟ΅Ϋ ‘γ_ ΅Ο“χ  ‘__‘¤’¥Ϋ“γ ‘γχ“Π«‘Ο¬‘_Β“¤Ϋ “¥_“¥χ‘ά_.,no
871522,2/8/17 15:57,10,test2,paper,NQ,short,regular,‘ά_“Ξ“Ϋ “£_“έ“«“χ “ΆΙ“«“_Ι‘άφ‘ά_.,images/NQ_paper_post.jpg,“£_“έ“«΅Ϋ ‘γ_ “_΄“χ  “ΆΙ“«‘΄_ “¥φ µΒ__‘ά_.,yes
410960,2/8/17 20:44,1,training1,training1,,NA,NA,‘ά_“Ξ“Ϋ “¤Ϋ“¥γ“χ “Κγ“άΟ“_© _΅“ό’χ¥“_Ι‘άφ‘ά_.,images/training001.jpg,“¤Ϋ“¥γ΅Ϋ ‘γ_ ΅Ο“χ  _΅“ό’χ¥“γ “Κγ“άΟ’¥« ‘ “¤Ϋ “¥_“¥χ‘ά_.,yes
410960,2/8/17 20:44,2,training2,training2,,NA,NA,‘ά_“Ξ“Ϋ “γΟ“Ο_“«“χ “¥Κ“γ‘‘Β_ _Κ“ΠΤ“«“_Ι‘άφ‘ά_.,images/training002.jpg,“γΟ“Ο_“«΅Ϋ ‘Τ ‘¤φ‘_Β“χ  _Κ“ΠΤ“«‘΄_ “¥φ ’β_“_«‘ά_.,no
410960,2/8/17 20:44,3,test2,triangle,NQ,short,regular,‘ά_“Ξ“Ϋ “¤Ϋ’χό“χ “γό‘»¬“_Ι‘άφ‘ά_.,images/NQ_triangle_post.jpg,“¤Ϋ’χό΅Ϋ “γό ΅Ο“χ  “γό‘»¬‘΄_ “¥φ “_Κ’Πφ‘ά_.,no
410960,2/8/17 20:44,4,test5,box,QN,long,regular,‘ά_“Ξ“Ϋ ‘ψ_“γΟ“χ “Δ“_“_Ι‘άφ‘ά_.,images/QN_box_post.jpg,‘ψ_“γΟ΅Ϋ “γό ΅Ο“χ  “Δ“_‘΄_ “Ρ«“¤Ϋ “¥_“¥χ‘ά_.,yes
410960,2/8/17 20:44,5,test4,bowling,NQ+,short,moreThan,‘ά_“Ξ“Ϋ “£_“έ“«“χ ‘__‘¤’¥Ϋ“_Ι‘άφ‘ά_.,images/NQ+_bowling_post.jpg,“£_“έ“«΅Ϋ ‘γ_ ΅Ο “«“Δ“χ ‘__‘¤’¥Ϋ“γ “¥φ ‘γχ“Π«‘Ο¬‘Κό‘ά_.,yes
410960,2/8/17 20:44,6,test3,pencil,QN+,short,moreThan,‘ά_“Ξ“Ϋ ‘ψ_“_Ϋ“«“χ “Ρ΅’¥γ“_Ι‘άφ‘ά_.,images/QN+_pencil_post.jpg,‘ψ_“_Ϋ“«΅Ϋ ‘γ_ ΅Ο “«“Δ“χ “Ρ΅’¥γ“γ “¥φ ‘¦Ϋ‘ΩΒ‘Ο¬‘Κό‘ά_.,yes
410960,2/8/17 20:44,7,test7,balloon,QN+,long,moreThan,‘ά_“Ξ“Ϋ ’¥χ“Ϋ“«“χ ’Υ“γΚ“_Ι‘άφ‘ά_.,images/QN+_balloon_post.jpg,’¥χ“Ϋ“«΅Ϋ “γό ΅Ο “«“Δ“χ ’Υ“γΚ“γ ’γ΅’_ό‘_Β“¤Ϋ “¥_“¥χ‘ά_.,yes
410960,2/8/17 20:44,8,test8,book,NQ+,long,moreThan,‘ά_“Ξ“Ϋ “γΟ“Ρ΅“«“χ “±Ι“_Ι‘άφ‘ά_.,images/NQ+_book_post.jpg,“γΟ“Ρ΅“«΅Ϋ “γό ¦Ξ “«“Δ“χ “±Ι“γ ’__“_χ“¤Ϋ “¥_“¥χ‘ά_.,no
410960,2/8/17 20:44,9,test1,paper,QN,short,regular,‘ά_“Ξ“Ϋ “¤Ϋ“_΅“χ “ΆΙ“«“_Ι‘άφ‘ά_.,images/QN_paper_post.jpg,“¤Ϋ“_΅΅Ϋ ‘γ_ “_΄“χ  “ΆΙ“«‘΄_ “¥φ µΒ__‘ά_.,yes
410960,2/8/17 20:44,10,test6,cup,NQ,long,regular,‘ά_“Ξ“Ϋ “_Κ“φχ“χ “Θµ“_Ι‘άφ‘ά_.,images/NQ_cup_post.jpg,“_Κ“φχ΅Ϋ ‘γ_ ΅Ο“χ  “Θµ“γ ‘Υ_“¤Τ“¤Ϋ “¥_“¥χ‘ά_.,no
134412,2/8/17 22:17,1,training1,training1,,NA,NA,‘ά_“Ξ“Ϋ “£_“έ“«“χ “Κγ“άΟ“_© _΅“ό’χ¥“_Ι‘άφ‘ά_.,images/training001.jpg,“£_“έ“«΅Ϋ ‘γ_ ΅Ο“χ  _΅“ό’χ¥“γ “Κγ“άΟ’¥« ‘ “¤Ϋ “¥_“¥χ‘ά_.,yes
134412,2/8/17 22:17,2,training2,training2,,NA,NA,‘ά_“Ξ“Ϋ ’¥χ“Ϋ“«“χ “¥Κ“γ‘‘Β_ _Κ“ΠΤ“«“_Ι‘άφ‘ά_.,images/training002.jpg,’¥χ“Ϋ“«΅Ϋ ‘Τ ‘¤φ‘_Β“χ  _Κ“ΠΤ“«‘΄_ “¥φ ’β_“_«‘ά_.,no
134412,2/8/17 22:17,3,test1,cup,QN,short,regular,‘ά_“Ξ“Ϋ ‘ψ_“_Ϋ“«“χ “Θµ“_Ι‘άφ‘ά_.,images/QN_cup_post.jpg,‘ψ_“_Ϋ“«΅Ϋ ‘γ_ ΅Ο“χ  “Θµ“γ “¥φ ‘Υ_“¤Τ“Ρφ‘ά_.,yes
134412,2/8/17 22:17,4,test2,bowling,NQ,short,regular,‘ά_“Ξ“Ϋ “γΟ“Ο_“«“χ ‘__‘¤’¥Ϋ“_Ι‘άφ‘ά_.,images/NQ_bowling_post.jpg,“γΟ“Ο_“«΅Ϋ ‘γ_ ΅Ο“χ  ‘__‘¤’¥Ϋ“γ “¥φ ‘γχ“Π«‘Ο¬‘Κό‘ά_.,no
134412,2/8/17 22:17,5,test5,pencil,QN,long,regular,‘ά_“Ξ“Ϋ “¤Ϋ“¥γ“χ “Ρ΅’¥γ“_Ι‘άφ‘ά_.,images/QN_pencil_post.jpg,“¤Ϋ“¥γ΅Ϋ ‘γ_ ΅Ο“χ  “Ρ΅’¥γ“γ ‘¦Ϋ‘ΩΒ‘Ο¬‘_Β“¤Ϋ “¥_“¥χ‘ά_.,yes
134412,2/8/17 22:17,6,test8,paper,NQ+,long,moreThan,‘ά_“Ξ“Ϋ “¤Ϋ’χό“χ “ΆΙ“«“_Ι‘άφ‘ά_.,images/NQ+_paper_post.jpg,“¤Ϋ’χό΅Ϋ ‘γ_ “_΄ “«“Δ“χ “ΆΙ“«‘΄_ µΒό΅“¤Ϋ “¥_“¥χ‘ά_.,yes
134412,2/8/17 22:17,7,test3,balloon,QN+,short,moreThan,‘ά_“Ξ“Ϋ “_Κ“φχ“χ ’Υ“γΚ“_Ι‘άφ‘ά_.,images/QN+_balloon_post.jpg,“_Κ“φχ΅Ϋ “γό ΅Ο “«“Δ“χ ’Υ“γΚ“γ “¥φ ’γ΅’_ό‘Κό‘ά_.,no
134412,2/8/17 22:17,8,test7,box,QN+,long,moreThan,‘ά_“Ξ“Ϋ “¤Ϋ“_΅“χ “Δ“_“_Ι‘άφ‘ά_.,images/QN+_box_post.jpg,“¤Ϋ“_΅΅Ϋ “γό ΅Ο “«“Δ“χ “Δ“_‘΄_ “Ρ«“¤Ϋ “¥_“¥χ‘ά_.,yes
134412,2/8/17 22:17,9,test4,book,NQ+,short,moreThan,‘ά_“Ξ“Ϋ “γΟ“Ρ΅“«“χ “±Ι“_Ι‘άφ‘ά_.,images/NQ+_book_post.jpg,“γΟ“Ρ΅“«΅Ϋ “γό ¦Ξ “«“Δ“χ “±Ι“γ “¥φ ’__“__‘ά_.,yes
134412,2/8/17 22:17,10,test6,triangle,NQ,long,regular,‘ά_“Ξ“Ϋ ‘ψ_“γΟ“χ “γό‘»¬“_Ι‘άφ‘ά_.,images/NQ_triangle_post.jpg,‘ψ_“γΟ΅Ϋ “γό ΅Ο“χ  “γό‘»¬‘΄_ “_Κ’¥χ“¤Ϋ “¥_“¥χ‘ά_.,yes
171402,3/8/17 15:40,1,training1,training1,,NA,NA,‘ά_“Ξ“Ϋ “γΟ“Ο_“«“χ “Κγ“άΟ“_© _΅“ό’χ¥“_Ι‘άφ‘ά_.,images/training001.jpg,“γΟ“Ο_“«΅Ϋ ‘γ_ ΅Ο“χ  _΅“ό’χ¥“γ “Κγ“άΟ’¥« ‘ “¤Ϋ “¥_“¥χ‘ά_.,yes
171402,3/8/17 15:40,2,training2,training2,,NA,NA,‘ά_“Ξ“Ϋ “¤Ϋ“_΅“χ “¥Κ“γ‘‘Β_ _Κ“ΠΤ“«“_Ι‘άφ‘ά_.,images/training002.jpg,“¤Ϋ“_΅΅Ϋ ‘Τ ‘¤φ‘_Β“χ  _Κ“ΠΤ“«‘΄_ “¥φ ’β_“_«‘ά_.,no
171402,3/8/17 15:40,3,test5,bowling,QN,long,regular,‘ά_“Ξ“Ϋ “£_“έ“«“χ ‘__‘¤’¥Ϋ“_Ι‘άφ‘ά_.,images/QN_bowling_post.jpg,“£_“έ“«΅Ϋ ‘γ_ ΅Ο“χ  ‘__‘¤’¥Ϋ“γ ‘γχ“Π«‘Ο¬‘_Β“¤Ϋ “¥_“¥χ‘ά_.,yes
171402,3/8/17 15:40,4,test2,paper,NQ,short,regular,‘ά_“Ξ“Ϋ “γΟ“Ρ΅“«“χ “ΆΙ“«“_Ι‘άφ‘ά_.,images/NQ_paper_post.jpg,“γΟ“Ρ΅“«΅Ϋ ‘γ_ “_΄“χ  “ΆΙ“«‘΄_ “¥φ µΒ__‘ά_.,no
171402,3/8/17 15:40,5,test1,box,QN,short,regular,‘ά_“Ξ“Ϋ ‘ψ_“_Ϋ“«“χ “Δ“_“_Ι‘άφ‘ά_.,images/QN_box_post.jpg,‘ψ_“_Ϋ“«΅Ϋ “γό ΅Ο“χ  “Δ“_‘΄_ “¥φ “Ρ«“Ρφ‘ά_.,yes
171402,3/8/17 15:40,6,test3,triangle,QN+,short,moreThan,‘ά_“Ξ“Ϋ “¤Ϋ’χό“χ “γό‘»¬“_Ι‘άφ‘ά_.,images/QN+_triangle_post.jpg,“¤Ϋ’χό΅Ϋ “γό ΅Ο “«“Δ“χ “γό‘»¬‘΄_ “¥φ “_Κ’Πφ‘ά_.,yes
171402,3/8/17 15:40,7,test8,book,NQ+,long,moreThan,‘ά_“Ξ“Ϋ ‘ψ_“γΟ“χ “±Ι“_Ι‘άφ‘ά_.,images/NQ+_book_post.jpg,‘ψ_“γΟ΅Ϋ “γό ¦Ξ “«“Δ“χ “±Ι“γ ’__“_χ“¤Ϋ “¥_“¥χ‘ά_.,yes
171402,3/8/17 15:40,8,test6,cup,NQ,long,regular,‘ά_“Ξ“Ϋ “_Κ“φχ“χ “Θµ“_Ι‘άφ‘ά_.,images/NQ_cup_post.jpg,“_Κ“φχ΅Ϋ ‘γ_ ΅Ο“χ  “Θµ“γ ‘Υ_“¤Τ“¤Ϋ “¥_“¥χ‘ά_.,yes
171402,3/8/17 15:40,9,test7,pencil,QN+,long,moreThan,‘ά_“Ξ“Ϋ “¤Ϋ“¥γ“χ “Ρ΅’¥γ“_Ι‘άφ‘ά_.,images/QN+_pencil_post.jpg,“¤Ϋ“¥γ΅Ϋ ‘γ_ ΅Ο “«“Δ“χ “Ρ΅’¥γ“γ ‘¦Ϋ‘ΩΒ‘Ο¬‘_Β“¤Ϋ “¥_“¥χ‘ά_.,no
171402,3/8/17 15:40,10,test4,balloon,NQ+,short,moreThan,‘ά_“Ξ“Ϋ ’¥χ“Ϋ“«“χ ’Υ“γΚ“_Ι‘άφ‘ά_.,images/NQ+_balloon_post.jpg,’¥χ“Ϋ“«΅Ϋ “γό ΅Ο “«“Δ“χ ’Υ“γΚ“γ “¥φ ’γ΅’_ό‘Κό‘ά_.,no
567155,3/8/17 16:38,1,training1,training1,,NA,NA,‘ά_“Ξ“Ϋ ‘ψ_“γΟ“χ “Κγ“άΟ“_© _΅“ό’χ¥“_Ι‘άφ‘ά_.,images/training001.jpg,‘ψ_“γΟ΅Ϋ ‘γ_ ΅Ο“χ  _΅“ό’χ¥“γ “Κγ“άΟ’¥« ‘ “¤Ϋ “¥_“¥χ‘ά_.,yes
567155,3/8/17 16:38,2,training2,training2,,NA,NA,‘ά_“Ξ“Ϋ “γΟ“Ο_“«“χ “¥Κ“γ‘‘Β_ _Κ“ΠΤ“«“_Ι‘άφ‘ά_.,images/training002.jpg,“γΟ“Ο_“«΅Ϋ ‘Τ ‘¤φ‘_Β“χ  _Κ“ΠΤ“«‘΄_ “¥φ ’β_“_«‘ά_.,no
567155,3/8/17 16:38,3,test5,balloon,QN,long,regular,‘ά_“Ξ“Ϋ “£_“έ“«“χ ’Υ“γΚ“_Ι‘άφ‘ά_.,images/QN_balloon_post.jpg,“£_“έ“«΅Ϋ “γό ΅Ο“χ  ’Υ“γΚ“γ ’γ΅’_ό‘_Β“¤Ϋ “¥_“¥χ‘ά_.,no
567155,3/8/17 16:38,4,test7,triangle,QN+,long,moreThan,‘ά_“Ξ“Ϋ “¤Ϋ’χό“χ “γό‘»¬“_Ι‘άφ‘ά_.,images/QN+_triangle_post.jpg,“¤Ϋ’χό΅Ϋ “γό ΅Ο “«“Δ“χ “γό‘»¬‘΄_ “_Κ’¥χ“¤Ϋ “¥_“¥χ‘ά_.,no
567155,3/8/17 16:38,5,test1,bowling,QN,short,regular,‘ά_“Ξ“Ϋ “¤Ϋ“_΅“χ ‘__‘¤’¥Ϋ“_Ι‘άφ‘ά_.,images/QN_bowling_post.jpg,“¤Ϋ“_΅΅Ϋ ‘γ_ ΅Ο“χ  ‘__‘¤’¥Ϋ“γ “¥φ ‘γχ“Π«‘Ο¬‘Κό‘ά_.,no
567155,3/8/17 16:38,6,test8,paper,NQ+,long,moreThan,‘ά_“Ξ“Ϋ “¤Ϋ“¥γ“χ “ΆΙ“«“_Ι‘άφ‘ά_.,images/NQ+_paper_post.jpg,“¤Ϋ“¥γ΅Ϋ ‘γ_ “_΄ “«“Δ“χ “ΆΙ“«‘΄_ µΒό΅“¤Ϋ “¥_“¥χ‘ά_.,yes
567155,3/8/17 16:38,7,test3,pencil,QN+,short,moreThan,‘ά_“Ξ“Ϋ “_Κ“φχ“χ “Ρ΅’¥γ“_Ι‘άφ‘ά_.,images/QN+_pencil_post.jpg,“_Κ“φχ΅Ϋ ‘γ_ ΅Ο “«“Δ“χ “Ρ΅’¥γ“γ “¥φ ‘¦Ϋ‘ΩΒ‘Ο¬‘Κό‘ά_.,no
567155,3/8/17 16:38,8,test2,box,NQ,short,regular,‘ά_“Ξ“Ϋ ’¥χ“Ϋ“«“χ “Δ“_“_Ι‘άφ‘ά_.,images/NQ_box_post.jpg,’¥χ“Ϋ“«΅Ϋ “γό ΅Ο“χ  “Δ“_‘΄_ “¥φ “Ρ«“Ρφ‘ά_.,yes
567155,3/8/17 16:38,9,test4,book,NQ+,short,moreThan,‘ά_“Ξ“Ϋ ‘ψ_“_Ϋ“«“χ “±Ι“_Ι‘άφ‘ά_.,images/NQ+_book_post.jpg,‘ψ_“_Ϋ“«΅Ϋ “γό ¦Ξ “«“Δ“χ “±Ι“γ “¥φ ’__“__‘ά_.,no
567155,3/8/17 16:38,10,test6,cup,NQ,long,regular,‘ά_“Ξ“Ϋ “γΟ“Ρ΅“«“χ “Θµ“_Ι‘άφ‘ά_.,images/NQ_cup_post.jpg,“γΟ“Ρ΅“«΅Ϋ ‘γ_ ΅Ο“χ  “Θµ“γ ‘Υ_“¤Τ“¤Ϋ “¥_“¥χ‘ά_.,yes
25450,3/8/17 21:07,1,training1,training1,,NA,NA,‘ά_“Ξ“Ϋ “¤Ϋ’χό“χ “Κγ“άΟ“_© _΅“ό’χ¥“_Ι‘άφ‘ά_.,images/training001.jpg,“¤Ϋ’χό΅Ϋ ‘γ_ ΅Ο“χ  _΅“ό’χ¥“γ “Κγ“άΟ’¥« ‘ “¤Ϋ “¥_“¥χ‘ά_.,yes
25450,3/8/17 21:07,2,training2,training2,,NA,NA,‘ά_“Ξ“Ϋ ‘ψ_“γΟ“χ “¥Κ“γ‘‘Β_ _Κ“ΠΤ“«“_Ι‘άφ‘ά_.,images/training002.jpg,‘ψ_“γΟ΅Ϋ ‘Τ ‘¤φ‘_Β“χ  _Κ“ΠΤ“«‘΄_ “¥φ ’β_“_«‘ά_.,no
25450,3/8/17 21:07,3,test2,box,NQ,short,regular,‘ά_“Ξ“Ϋ “£_“έ“«“χ “Δ“_“_Ι‘άφ‘ά_.,images/NQ_box_post.jpg,“£_“έ“«΅Ϋ “γό ΅Ο“χ  “Δ“_‘΄_ “¥φ “Ρ«“Ρφ‘ά_.,yes
25450,3/8/17 21:07,4,test7,balloon,QN+,long,moreThan,‘ά_“Ξ“Ϋ ‘ψ_“_Ϋ“«“χ ’Υ“γΚ“_Ι‘άφ‘ά_.,images/QN+_balloon_post.jpg,‘ψ_“_Ϋ“«΅Ϋ “γό ΅Ο “«“Δ“χ ’Υ“γΚ“γ ’γ΅’_ό‘_Β“¤Ϋ “¥_“¥χ‘ά_.,no
25450,3/8/17 21:07,5,test5,pencil,QN,long,regular,‘ά_“Ξ“Ϋ “γΟ“Ρ΅“«“χ “Ρ΅’¥γ“_Ι‘άφ‘ά_.,images/QN_pencil_post.jpg,“γΟ“Ρ΅“«΅Ϋ ‘γ_ ΅Ο“χ  “Ρ΅’¥γ“γ ‘¦Ϋ‘ΩΒ‘Ο¬‘_Β“¤Ϋ “¥_“¥χ‘ά_.,no
25450,3/8/17 21:07,6,test1,triangle,QN,short,regular,‘ά_“Ξ“Ϋ “_Κ“φχ“χ “γό‘»¬“_Ι‘άφ‘ά_.,images/QN_triangle_post.jpg,“_Κ“φχ΅Ϋ “γό ΅Ο“χ  “γό‘»¬‘΄_ “¥φ “_Κ’Πφ‘ά_.,yes
25450,3/8/17 21:07,7,test8,book,NQ+,long,moreThan,‘ά_“Ξ“Ϋ ’¥χ“Ϋ“«“χ “±Ι“_Ι‘άφ‘ά_.,images/NQ+_book_post.jpg,’¥χ“Ϋ“«΅Ϋ “γό ¦Ξ “«“Δ“χ “±Ι“γ ’__“_χ“¤Ϋ “¥_“¥χ‘ά_.,yes
25450,3/8/17 21:07,8,test4,bowling,NQ+,short,moreThan,‘ά_“Ξ“Ϋ “¤Ϋ“_΅“χ ‘__‘¤’¥Ϋ“_Ι‘άφ‘ά_.,images/NQ+_bowling_post.jpg,“¤Ϋ“_΅΅Ϋ ‘γ_ ΅Ο “«“Δ“χ ‘__‘¤’¥Ϋ“γ “¥φ ‘γχ“Π«‘Ο¬‘Κό‘ά_.,yes
25450,3/8/17 21:07,9,test6,paper,NQ,long,regular,‘ά_“Ξ“Ϋ “¤Ϋ“¥γ“χ “ΆΙ“«“_Ι‘άφ‘ά_.,images/NQ_paper_post.jpg,“¤Ϋ“¥γ΅Ϋ ‘γ_ “_΄“χ  “ΆΙ“«‘΄_ µΒό΅“¤Ϋ “¥_“¥χ‘ά_.,no
25450,3/8/17 21:07,10,test3,cup,QN+,short,moreThan,‘ά_“Ξ“Ϋ “γΟ“Ο_“«“χ “Θµ“_Ι‘άφ‘ά_.,images/QN+_cup_post.jpg,“γΟ“Ο_“«΅Ϋ ‘γ_ ΅Ο “«“Δ“χ “Θµ“γ “¥φ ‘Υ_“¤Τ“Ρφ‘ά_.,no
174424,15-9 18:39:30,1,training1,training1,,NA,NA,‘ά_“Ξ“Ϋ “¤Ϋ“_΅“χ “Κγ“άΟ“_© _΅“ό’χ¥“_Ι‘άφ‘ά_.,images/training001.jpg,“¤Ϋ“_΅΅Ϋ ‘γ_ ΅Ο“χ  _΅“ό’χ¥“γ “Κγ“άΟ’¥« ‘ “¤Ϋ “¥_“¥χ‘ά_.,yes
174424,15-9 18:39:30,2,training2,training2,,NA,NA,‘ά_“Ξ“Ϋ “γΟ“Ο_“«“χ “¥Κ“γ‘‘Β_ _Κ“ΠΤ“«“_Ι‘άφ‘ά_.,images/training002.jpg,“γΟ“Ο_“«΅Ϋ ‘Τ ‘¤φ‘_Β“χ  _Κ“ΠΤ“«‘΄_ “¥φ ’β_“_«‘ά_.,no
174424,15-9 18:39:30,3,test4,cup,NQ+,short,moreThan,‘ά_“Ξ“Ϋ ’¥χ“Ϋ“«“χ “Θµ“_Ι‘άφ‘ά_.,images/NQ+_cup_post.jpg,’¥χ“Ϋ“«΅Ϋ ‘γ_ ΅Ο “«“Δ“χ “Θµ“γ “¥φ ‘Υ_“¤Τ“Ρφ‘ά_.,yes
174424,15-9 18:39:30,4,test5,balloon,QN,long,regular,‘ά_“Ξ“Ϋ “¤Ϋ“¥γ“χ ’Υ“γΚ“_Ι‘άφ‘ά_.,images/QN_balloon_post.jpg,“¤Ϋ“¥γ΅Ϋ “γό ΅Ο“χ  ’Υ“γΚ“γ ’γ΅’_ό‘_Β“¤Ϋ “¥_“¥χ‘ά_.,yes
174424,15-9 18:39:30,5,test1,paper,QN,short,regular,‘ά_“Ξ“Ϋ ‘ψ_“_Ϋ“«“χ “ΆΙ“«“_Ι‘άφ‘ά_.,images/QN_paper_post.jpg,‘ψ_“_Ϋ“«΅Ϋ ‘γ_ “_΄“χ  “ΆΙ“«‘΄_ “¥φ µΒ__‘ά_.,yes
174424,15-9 18:39:30,6,test8,box,NQ+,long,moreThan,‘ά_“Ξ“Ϋ “£_“έ“«“χ “Δ“_“_Ι‘άφ‘ά_.,images/NQ+_box_post.jpg,“£_“έ“«΅Ϋ “γό ΅Ο “«“Δ“χ “Δ“_‘΄_ “Ρ«“¤Ϋ “¥_“¥χ‘ά_.,no
174424,15-9 18:39:30,7,test6,triangle,NQ,long,regular,‘ά_“Ξ“Ϋ “¤Ϋ’χό“χ “γό‘»¬“_Ι‘άφ‘ά_.,images/NQ_triangle_post.jpg,“¤Ϋ’χό΅Ϋ “γό ΅Ο“χ  “γό‘»¬‘΄_ “_Κ’¥χ“¤Ϋ “¥_“¥χ‘ά_.,no
174424,15-9 18:39:30,8,test7,pencil,QN+,long,moreThan,‘ά_“Ξ“Ϋ “_Κ“φχ“χ “Ρ΅’¥γ“_Ι‘άφ‘ά_.,images/QN+_pencil_post.jpg,“_Κ“φχ΅Ϋ ‘γ_ ΅Ο “«“Δ“χ “Ρ΅’¥γ“γ ‘¦Ϋ‘ΩΒ‘Ο¬‘_Β“¤Ϋ “¥_“¥χ‘ά_.,yes
174424,15-9 18:39:30,9,test2,bowling,NQ,short,regular,‘ά_“Ξ“Ϋ ‘ψ_“γΟ“χ ‘__‘¤’¥Ϋ“_Ι‘άφ‘ά_.,images/NQ_bowling_post.jpg,‘ψ_“γΟ΅Ϋ ‘γ_ ΅Ο“χ  ‘__‘¤’¥Ϋ“γ “¥φ ‘γχ“Π«‘Ο¬‘Κό‘ά_.,no
174424,15-9 18:39:30,10,test3,book,QN+,short,moreThan,‘ά_“Ξ“Ϋ “γΟ“Ρ΅“«“χ “±Ι“_Ι‘άφ‘ά_.,images/QN+_book_post.jpg,“γΟ“Ρ΅“«΅Ϋ “γό ¦Ξ “«“Δ“χ “±Ι“γ “¥φ ’__“__‘ά_.,yes
471565,15-9 19:57:29,1,training1,training1,,NA,NA,‘ά_“Ξ“Ϋ “_Κ“φχ“χ “Κγ“άΟ“_© _΅“ό’χ¥“_Ι‘άφ‘ά_.,images/training001.jpg,“_Κ“φχ΅Ϋ ‘γ_ ΅Ο“χ  _΅“ό’χ¥“γ “Κγ“άΟ’¥« ‘ “¤Ϋ “¥_“¥χ‘ά_.,yes
471565,15-9 19:57:29,2,training2,training2,,NA,NA,‘ά_“Ξ“Ϋ “¤Ϋ’χό“χ “¥Κ“γ‘‘Β_ _Κ“ΠΤ“«“_Ι‘άφ‘ά_.,images/training002.jpg,“¤Ϋ’χό΅Ϋ ‘Τ ‘¤φ‘_Β“χ  _Κ“ΠΤ“«‘΄_ “¥φ ’β_“_«‘ά_.,no
471565,15-9 19:57:29,3,test6,bowling,NQ,long,regular,‘ά_“Ξ“Ϋ “¤Ϋ“¥γ“χ ‘__‘¤’¥Ϋ“_Ι‘άφ‘ά_.,images/NQ_bowling_post.jpg,“¤Ϋ“¥γ΅Ϋ ‘γ_ ΅Ο“χ  ‘__‘¤’¥Ϋ“γ ‘γχ“Π«‘Ο¬‘_Β“¤Ϋ “¥_“¥χ‘ά_.,yes
471565,15-9 19:57:29,4,test3,triangle,QN+,short,moreThan,‘ά_“Ξ“Ϋ “¤Ϋ“_΅“χ “γό‘»¬“_Ι‘άφ‘ά_.,images/QN+_triangle_post.jpg,“¤Ϋ“_΅΅Ϋ “γό ΅Ο “«“Δ“χ “γό‘»¬‘΄_ “¥φ “_Κ’Πφ‘ά_.,yes
471565,15-9 19:57:29,5,test8,paper,NQ+,long,moreThan,‘ά_“Ξ“Ϋ “γΟ“Ρ΅“«“χ “ΆΙ“«“_Ι‘άφ‘ά_.,images/NQ+_paper_post.jpg,“γΟ“Ρ΅“«΅Ϋ ‘γ_ “_΄ “«“Δ“χ “ΆΙ“«‘΄_ µΒό΅“¤Ϋ “¥_“¥χ‘ά_.,yes
471565,15-9 19:57:29,6,test2,pencil,NQ,short,regular,‘ά_“Ξ“Ϋ ‘ψ_“γΟ“χ “Ρ΅’¥γ“_Ι‘άφ‘ά_.,images/NQ_pencil_post.jpg,‘ψ_“γΟ΅Ϋ ‘γ_ ΅Ο“χ  “Ρ΅’¥γ“γ “¥φ ‘¦Ϋ‘ΩΒ‘Ο¬‘Κό‘ά_.,yes
471565,15-9 19:57:29,7,test7,cup,QN+,long,moreThan,‘ά_“Ξ“Ϋ “£_“έ“«“χ “Θµ“_Ι‘άφ‘ά_.,images/QN+_cup_post.jpg,“£_“έ“«΅Ϋ ‘γ_ ΅Ο “«“Δ“χ “Θµ“γ ‘Υ_“¤Τ“¤Ϋ “¥_“¥χ‘ά_.,no
471565,15-9 19:57:29,8,test4,box,NQ+,short,moreThan,‘ά_“Ξ“Ϋ “γΟ“Ο_“«“χ “Δ“_“_Ι‘άφ‘ά_.,images/NQ+_box_post.jpg,“γΟ“Ο_“«΅Ϋ “γό ΅Ο “«“Δ“χ “Δ“_‘΄_ “¥φ “Ρ«“Ρφ‘ά_.,yes
471565,15-9 19:57:29,9,test1,balloon,QN,short,regular,‘ά_“Ξ“Ϋ ’¥χ“Ϋ“«“χ ’Υ“γΚ“_Ι‘άφ‘ά_.,images/QN_balloon_post.jpg,’¥χ“Ϋ“«΅Ϋ “γό ΅Ο“χ  ’Υ“γΚ“γ “¥φ ’γ΅’_ό‘Κό‘ά_.,yes
471565,15-9 19:57:29,10,test5,book,QN,long,regular,‘ά_“Ξ“Ϋ ‘ψ_“_Ϋ“«“χ “±Ι“_Ι‘άφ‘ά_.,images/QN_book_post.jpg,‘ψ_“_Ϋ“«΅Ϋ “γό ¦Ξ“χ  “±Ι“γ ’__“_χ“¤Ϋ “¥_“¥χ‘ά_.,yes
450641,15-9 20:37:33,1,training1,training1,,NA,NA,‘ά_“Ξ“Ϋ “γΟ“Ρ΅“«“χ “Κγ“άΟ“_© _΅“ό’χ¥“_Ι‘άφ‘ά_.,images/training001.jpg,“γΟ“Ρ΅“«΅Ϋ ‘γ_ ΅Ο“χ  _΅“ό’χ¥“γ “Κγ“άΟ’¥« ‘ “¤Ϋ “¥_“¥χ‘ά_.,yes
450641,15-9 20:37:33,2,training2,training2,,NA,NA,‘ά_“Ξ“Ϋ “¤Ϋ“¥γ“χ “¥Κ“γ‘‘Β_ _Κ“ΠΤ“«“_Ι‘άφ‘ά_.,images/training002.jpg,“¤Ϋ“¥γ΅Ϋ ‘Τ ‘¤φ‘_Β“χ  _Κ“ΠΤ“«‘΄_ “¥φ ’β_“_«‘ά_.,no
450641,15-9 20:37:33,3,test1,triangle,QN,short,regular,‘ά_“Ξ“Ϋ ’¥χ“Ϋ“«“χ “γό‘»¬“_Ι‘άφ‘ά_.,images/QN_triangle_post.jpg,’¥χ“Ϋ“«΅Ϋ “γό ΅Ο“χ  “γό‘»¬‘΄_ “¥φ “_Κ’Πφ‘ά_.,no
450641,15-9 20:37:33,4,test8,bowling,NQ+,long,moreThan,‘ά_“Ξ“Ϋ “_Κ“φχ“χ ‘__‘¤’¥Ϋ“_Ι‘άφ‘ά_.,images/NQ+_bowling_post.jpg,“_Κ“φχ΅Ϋ ‘γ_ ΅Ο “«“Δ“χ ‘__‘¤’¥Ϋ“γ ‘γχ“Π«‘Ο¬‘_Β“¤Ϋ “¥_“¥χ‘ά_.,yes
450641,15-9 20:37:33,5,test7,pencil,QN+,long,moreThan,‘ά_“Ξ“Ϋ “£_“έ“«“χ “Ρ΅’¥γ“_Ι‘άφ‘ά_.,images/QN+_pencil_post.jpg,“£_“έ“«΅Ϋ ‘γ_ ΅Ο “«“Δ“χ “Ρ΅’¥γ“γ ‘¦Ϋ‘ΩΒ‘Ο¬‘_Β“¤Ϋ “¥_“¥χ‘ά_.,no
450641,15-9 20:37:33,6,test5,paper,QN,long,regular,‘ά_“Ξ“Ϋ “γΟ“Ο_“«“χ “ΆΙ“«“_Ι‘άφ‘ά_.,images/QN_paper_post.jpg,“γΟ“Ο_“«΅Ϋ ‘γ_ “_΄“χ  “ΆΙ“«‘΄_ µΒό΅“¤Ϋ “¥_“¥χ‘ά_.,no
450641,15-9 20:37:33,7,test2,box,NQ,short,regular,‘ά_“Ξ“Ϋ ‘ψ_“_Ϋ“«“χ “Δ“_“_Ι‘άφ‘ά_.,images/NQ_box_post.jpg,‘ψ_“_Ϋ“«΅Ϋ “γό ΅Ο“χ  “Δ“_‘΄_ “¥φ “Ρ«“Ρφ‘ά_.,yes
450641,15-9 20:37:33,8,test3,cup,QN+,short,moreThan,‘ά_“Ξ“Ϋ “¤Ϋ“_΅“χ “Θµ“_Ι‘άφ‘ά_.,images/QN+_cup_post.jpg,“¤Ϋ“_΅΅Ϋ ‘γ_ ΅Ο “«“Δ“χ “Θµ“γ “¥φ ‘Υ_“¤Τ“Ρφ‘ά_.,no
450641,15-9 20:37:33,9,test4,book,NQ+,short,moreThan,‘ά_“Ξ“Ϋ ‘ψ_“γΟ“χ “±Ι“_Ι‘άφ‘ά_.,images/NQ+_book_post.jpg,‘ψ_“γΟ΅Ϋ “γό ¦Ξ “«“Δ“χ “±Ι“γ “¥φ ’__“__‘ά_.,no
450641,15-9 20:37:33,10,test6,balloon,NQ,long,regular,‘ά_“Ξ“Ϋ “¤Ϋ’χό“χ ’Υ“γΚ“_Ι‘άφ‘ά_.,images/NQ_balloon_post.jpg,“¤Ϋ’χό΅Ϋ “γό ΅Ο“χ  ’Υ“γΚ“γ ’γ΅’_ό‘_Β“¤Ϋ “¥_“¥χ‘ά_.,no
133585,15-9 21:19:4,1,training1,training1,,NA,NA,‘ά_“Ξ“Ϋ “¤Ϋ’χό“χ “Κγ“άΟ“_© _΅“ό’χ¥“_Ι‘άφ‘ά_.,images/training001.jpg,“¤Ϋ’χό΅Ϋ ‘γ_ ΅Ο“χ  _΅“ό’χ¥“γ “Κγ“άΟ’¥« ‘ “¤Ϋ “¥_“¥χ‘ά_.,yes
133585,15-9 21:19:4,2,training2,training2,,NA,NA,‘ά_“Ξ“Ϋ “¤Ϋ“_΅“χ “¥Κ“γ‘‘Β_ _Κ“ΠΤ“«“_Ι‘άφ‘ά_.,images/training002.jpg,“¤Ϋ“_΅΅Ϋ ‘Τ ‘¤φ‘_Β“χ  _Κ“ΠΤ“«‘΄_ “¥φ ’β_“_«‘ά_.,yes
133585,15-9 21:19:4,3,test7,bowling,QN+,long,moreThan,‘ά_“Ξ“Ϋ ’¥χ“Ϋ“«“χ ‘__‘¤’¥Ϋ“_Ι‘άφ‘ά_.,images/QN+_bowling_post.jpg,’¥χ“Ϋ“«΅Ϋ ‘γ_ ΅Ο “«“Δ“χ ‘__‘¤’¥Ϋ“γ ‘γχ“Π«‘Ο¬‘_Β“¤Ϋ “¥_“¥χ‘ά_.,no
133585,15-9 21:19:4,4,test6,box,NQ,long,regular,‘ά_“Ξ“Ϋ “γΟ“Ρ΅“«“χ “Δ“_“_Ι‘άφ‘ά_.,images/NQ_box_post.jpg,“γΟ“Ρ΅“«΅Ϋ “γό ΅Ο“χ  “Δ“_‘΄_ “Ρ«“¤Ϋ “¥_“¥χ‘ά_.,yes
133585,15-9 21:19:4,5,test3,triangle,QN+,short,moreThan,‘ά_“Ξ“Ϋ “¤Ϋ“¥γ“χ “γό‘»¬“_Ι‘άφ‘ά_.,images/QN+_triangle_post.jpg,“¤Ϋ“¥γ΅Ϋ “γό ΅Ο “«“Δ“χ “γό‘»¬‘΄_ “¥φ “_Κ’Πφ‘ά_.,no
133585,15-9 21:19:4,6,test2,balloon,NQ,short,regular,‘ά_“Ξ“Ϋ “γΟ“Ο_“«“χ ’Υ“γΚ“_Ι‘άφ‘ά_.,images/NQ_balloon_post.jpg,“γΟ“Ο_“«΅Ϋ “γό ΅Ο“χ  ’Υ“γΚ“γ “¥φ ’γ΅’_ό‘Κό‘ά_.,yes
133585,15-9 21:19:4,7,test1,pencil,QN,short,regular,‘ά_“Ξ“Ϋ “£_“έ“«“χ “Ρ΅’¥γ“_Ι‘άφ‘ά_.,images/QN_pencil_post.jpg,“£_“έ“«΅Ϋ ‘γ_ ΅Ο“χ  “Ρ΅’¥γ“γ “¥φ ‘¦Ϋ‘ΩΒ‘Ο¬‘Κό‘ά_.,no
133585,15-9 21:19:4,8,test5,cup,QN,long,regular,‘ά_“Ξ“Ϋ ‘ψ_“γΟ“χ “Θµ“_Ι‘άφ‘ά_.,images/QN_cup_post.jpg,‘ψ_“γΟ΅Ϋ ‘γ_ ΅Ο“χ  “Θµ“γ ‘Υ_“¤Τ“¤Ϋ “¥_“¥χ‘ά_.,yes
133585,15-9 21:19:4,9,test4,paper,NQ+,short,moreThan,‘ά_“Ξ“Ϋ “_Κ“φχ“χ “ΆΙ“«“_Ι‘άφ‘ά_.,images/NQ+_paper_post.jpg,“_Κ“φχ΅Ϋ ‘γ_ “_΄ “«“Δ“χ “ΆΙ“«‘΄_ “¥φ µΒ__‘ά_.,yes
133585,15-9 21:19:4,10,test8,book,NQ+,long,moreThan,‘ά_“Ξ“Ϋ ‘ψ_“_Ϋ“«“χ “±Ι“_Ι‘άφ‘ά_.,images/NQ+_book_post.jpg,‘ψ_“_Ϋ“«΅Ϋ “γό ¦Ξ “«“Δ“χ “±Ι“γ ’__“_χ“¤Ϋ “¥_“¥χ‘ά_.,yes
425532,15-9 21:35:21,1,training1,training1,,NA,NA,‘ά_“Ξ“Ϋ “_Κ“φχ“χ “Κγ“άΟ“_© _΅“ό’χ¥“_Ι‘άφ‘ά_.,images/training001.jpg,“_Κ“φχ΅Ϋ ‘γ_ ΅Ο“χ  _΅“ό’χ¥“γ “Κγ“άΟ’¥« ‘ “¤Ϋ “¥_“¥χ‘ά_.,yes
425532,15-9 21:35:21,2,training2,training2,,NA,NA,‘ά_“Ξ“Ϋ “£_“έ“«“χ “¥Κ“γ‘‘Β_ _Κ“ΠΤ“«“_Ι‘άφ‘ά_.,images/training002.jpg,“£_“έ“«΅Ϋ ‘Τ ‘¤φ‘_Β“χ  _Κ“ΠΤ“«‘΄_ “¥φ ’β_“_«‘ά_.,no
425532,15-9 21:35:21,3,test2,book,NQ,short,regular,‘ά_“Ξ“Ϋ ‘ψ_“γΟ“χ “±Ι“_Ι‘άφ‘ά_.,images/NQ_book_post.jpg,‘ψ_“γΟ΅Ϋ “γό ¦Ξ“χ  “±Ι“γ “¥φ ’__“__‘ά_.,yes
425532,15-9 21:35:21,4,test6,pencil,NQ,long,regular,‘ά_“Ξ“Ϋ ’¥χ“Ϋ“«“χ “Ρ΅’¥γ“_Ι‘άφ‘ά_.,images/NQ_pencil_post.jpg,’¥χ“Ϋ“«΅Ϋ ‘γ_ ΅Ο“χ  “Ρ΅’¥γ“γ ‘¦Ϋ‘ΩΒ‘Ο¬‘_Β“¤Ϋ “¥_“¥χ‘ά_.,yes
425532,15-9 21:35:21,5,test4,cup,NQ+,short,moreThan,‘ά_“Ξ“Ϋ “γΟ“Ρ΅“«“χ “Θµ“_Ι‘άφ‘ά_.,images/NQ+_cup_post.jpg,“γΟ“Ρ΅“«΅Ϋ ‘γ_ ΅Ο “«“Δ“χ “Θµ“γ “¥φ ‘Υ_“¤Τ“Ρφ‘ά_.,yes
425532,15-9 21:35:21,6,test7,bowling,QN+,long,moreThan,‘ά_“Ξ“Ϋ ‘ψ_“_Ϋ“«“χ ‘__‘¤’¥Ϋ“_Ι‘άφ‘ά_.,images/QN+_bowling_post.jpg,‘ψ_“_Ϋ“«΅Ϋ ‘γ_ ΅Ο “«“Δ“χ ‘__‘¤’¥Ϋ“γ ‘γχ“Π«‘Ο¬‘_Β“¤Ϋ “¥_“¥χ‘ά_.,no
425532,15-9 21:35:21,7,test5,paper,QN,long,regular,‘ά_“Ξ“Ϋ “¤Ϋ“_΅“χ “ΆΙ“«“_Ι‘άφ‘ά_.,images/QN_paper_post.jpg,“¤Ϋ“_΅΅Ϋ ‘γ_ “_΄“χ  “ΆΙ“«‘΄_ µΒό΅“¤Ϋ “¥_“¥χ‘ά_.,no
425532,15-9 21:35:21,8,test3,box,QN+,short,moreThan,‘ά_“Ξ“Ϋ “¤Ϋ“¥γ“χ “Δ“_“_Ι‘άφ‘ά_.,images/QN+_box_post.jpg,“¤Ϋ“¥γ΅Ϋ “γό ΅Ο “«“Δ“χ “Δ“_‘΄_ “¥φ “Ρ«“Ρφ‘ά_.,no
425532,15-9 21:35:21,9,test1,balloon,QN,short,regular,‘ά_“Ξ“Ϋ “¤Ϋ’χό“χ ’Υ“γΚ“_Ι‘άφ‘ά_.,images/QN_balloon_post.jpg,“¤Ϋ’χό΅Ϋ “γό ΅Ο“χ  ’Υ“γΚ“γ “¥φ ’γ΅’_ό‘Κό‘ά_.,no
425532,15-9 21:35:21,10,test8,triangle,NQ+,long,moreThan,‘ά_“Ξ“Ϋ “γΟ“Ο_“«“χ “γό‘»¬“_Ι‘άφ‘ά_.,images/NQ+_triangle_post.jpg,“γΟ“Ο_“«΅Ϋ “γό ΅Ο “«“Δ“χ “γό‘»¬‘΄_ “_Κ’¥χ“¤Ϋ “¥_“¥χ‘ά_.,yes
278465,15-9 21:40:13,1,training1,training1,,NA,NA,‘ά_“Ξ“Ϋ “_Κ“φχ“χ “Κγ“άΟ“_© _΅“ό’χ¥“_Ι‘άφ‘ά_.,images/training001.jpg,“_Κ“φχ΅Ϋ ‘γ_ ΅Ο“χ  _΅“ό’χ¥“γ “Κγ“άΟ’¥« ‘ “¤Ϋ “¥_“¥χ‘ά_.,no
278465,15-9 21:40:13,2,training2,training2,,NA,NA,‘ά_“Ξ“Ϋ “¤Ϋ“¥γ“χ “¥Κ“γ‘‘Β_ _Κ“ΠΤ“«“_Ι‘άφ‘ά_.,images/training002.jpg,“¤Ϋ“¥γ΅Ϋ ‘Τ ‘¤φ‘_Β“χ  _Κ“ΠΤ“«‘΄_ “¥φ ’β_“_«‘ά_.,yes
278465,15-9 21:40:13,3,test5,triangle,QN,long,regular,‘ά_“Ξ“Ϋ ‘ψ_“_Ϋ“«“χ “γό‘»¬“_Ι‘άφ‘ά_.,images/QN_triangle_post.jpg,‘ψ_“_Ϋ“«΅Ϋ “γό ΅Ο“χ  “γό‘»¬‘΄_ “_Κ’¥χ“¤Ϋ “¥_“¥χ‘ά_.,yes
278465,15-9 21:40:13,4,test1,box,QN,short,regular,‘ά_“Ξ“Ϋ “γΟ“Ρ΅“«“χ “Δ“_“_Ι‘άφ‘ά_.,images/QN_box_post.jpg,“γΟ“Ρ΅“«΅Ϋ “γό ΅Ο“χ  “Δ“_‘΄_ “¥φ “Ρ«“Ρφ‘ά_.,yes
278465,15-9 21:40:13,5,test7,balloon,QN+,long,moreThan,‘ά_“Ξ“Ϋ “γΟ“Ο_“«“χ ’Υ“γΚ“_Ι‘άφ‘ά_.,images/QN+_balloon_post.jpg,“γΟ“Ο_“«΅Ϋ “γό ΅Ο “«“Δ“χ ’Υ“γΚ“γ ’γ΅’_ό‘_Β“¤Ϋ “¥_“¥χ‘ά_.,no
278465,15-9 21:40:13,6,test3,cup,QN+,short,moreThan,‘ά_“Ξ“Ϋ ’¥χ“Ϋ“«“χ “Θµ“_Ι‘άφ‘ά_.,images/QN+_cup_post.jpg,’¥χ“Ϋ“«΅Ϋ ‘γ_ ΅Ο “«“Δ“χ “Θµ“γ “¥φ ‘Υ_“¤Τ“Ρφ‘ά_.,no
278465,15-9 21:40:13,7,test4,pencil,NQ+,short,moreThan,‘ά_“Ξ“Ϋ “¤Ϋ“_΅“χ “Ρ΅’¥γ“_Ι‘άφ‘ά_.,images/NQ+_pencil_post.jpg,“¤Ϋ“_΅΅Ϋ ‘γ_ ΅Ο “«“Δ“χ “Ρ΅’¥γ“γ “¥φ ‘¦Ϋ‘ΩΒ‘Ο¬‘Κό‘ά_.,no
278465,15-9 21:40:13,8,test8,paper,NQ+,long,moreThan,‘ά_“Ξ“Ϋ “£_“έ“«“χ “ΆΙ“«“_Ι‘άφ‘ά_.,images/NQ+_paper_post.jpg,“£_“έ“«΅Ϋ ‘γ_ “_΄ “«“Δ“χ “ΆΙ“«‘΄_ µΒό΅“¤Ϋ “¥_“¥χ‘ά_.,no
278465,15-9 21:40:13,9,test6,bowling,NQ,long,regular,‘ά_“Ξ“Ϋ “¤Ϋ’χό“χ ‘__‘¤’¥Ϋ“_Ι‘άφ‘ά_.,images/NQ_bowling_post.jpg,“¤Ϋ’χό΅Ϋ ‘γ_ ΅Ο“χ  ‘__‘¤’¥Ϋ“γ ‘γχ“Π«‘Ο¬‘_Β“¤Ϋ “¥_“¥χ‘ά_.,yes
278465,15-9 21:40:13,10,test2,book,NQ,short,regular,‘ά_“Ξ“Ϋ ‘ψ_“γΟ“χ “±Ι“_Ι‘άφ‘ά_.,images/NQ_book_post.jpg,‘ψ_“γΟ΅Ϋ “γό ¦Ξ“χ  “±Ι“γ “¥φ ’__“__‘ά_.,no
152276,15-9 21:43:11,1,training1,training1,,NA,NA,‘ά_“Ξ“Ϋ “¤Ϋ“_΅“χ “Κγ“άΟ“_© _΅“ό’χ¥“_Ι‘άφ‘ά_.,images/training001.jpg,“¤Ϋ“_΅΅Ϋ ‘γ_ ΅Ο“χ  _΅“ό’χ¥“γ “Κγ“άΟ’¥« ‘ “¤Ϋ “¥_“¥χ‘ά_.,yes
152276,15-9 21:43:11,2,training2,training2,,NA,NA,‘ά_“Ξ“Ϋ “¤Ϋ“¥γ“χ “¥Κ“γ‘‘Β_ _Κ“ΠΤ“«“_Ι‘άφ‘ά_.,images/training002.jpg,“¤Ϋ“¥γ΅Ϋ ‘Τ ‘¤φ‘_Β“χ  _Κ“ΠΤ“«‘΄_ “¥φ ’β_“_«‘ά_.,no
152276,15-9 21:43:11,4,test8,triangle,NQ+,long,moreThan,‘ά_“Ξ“Ϋ “_Κ“φχ“χ “γό‘»¬“_Ι‘άφ‘ά_.,images/NQ+_triangle_post.jpg,“_Κ“φχ΅Ϋ “γό ΅Ο “«“Δ“χ “γό‘»¬‘΄_ “_Κ’¥χ“¤Ϋ “¥_“¥χ‘ά_.,yes
152276,15-9 21:43:11,5,test1,cup,QN,short,regular,‘ά_“Ξ“Ϋ ’¥χ“Ϋ“«“χ “Θµ“_Ι‘άφ‘ά_.,images/QN_cup_post.jpg,’¥χ“Ϋ“«΅Ϋ ‘γ_ ΅Ο“χ  “Θµ“γ “¥φ ‘Υ_“¤Τ“Ρφ‘ά_.,no
152276,15-9 21:43:11,6,test2,box,NQ,short,regular,‘ά_“Ξ“Ϋ “γΟ“Ο_“«“χ “Δ“_“_Ι‘άφ‘ά_.,images/NQ_box_post.jpg,“γΟ“Ο_“«΅Ϋ “γό ΅Ο“χ  “Δ“_‘΄_ “¥φ “Ρ«“Ρφ‘ά_.,yes
836556,15-9 21:39:3,1,training1,training1,,NA,NA,‘ά_“Ξ“Ϋ “_Κ“φχ“χ “Κγ“άΟ“_© _΅“ό’χ¥“_Ι‘άφ‘ά_.,images/training001.jpg,“_Κ“φχ΅Ϋ ‘γ_ ΅Ο“χ  _΅“ό’χ¥“γ “Κγ“άΟ’¥« ‘ “¤Ϋ “¥_“¥χ‘ά_.,no
836556,15-9 21:39:3,2,training2,training2,,NA,NA,‘ά_“Ξ“Ϋ “γΟ“Ο_“«“χ “¥Κ“γ‘‘Β_ _Κ“ΠΤ“«“_Ι‘άφ‘ά_.,images/training002.jpg,“γΟ“Ο_“«΅Ϋ ‘Τ ‘¤φ‘_Β“χ  _Κ“ΠΤ“«‘΄_ “¥φ ’β_“_«‘ά_.,yes
836556,15-9 21:39:3,3,test1,cup,QN,short,regular,‘ά_“Ξ“Ϋ ‘ψ_“γΟ“χ “Θµ“_Ι‘άφ‘ά_.,images/QN_cup_post.jpg,‘ψ_“γΟ΅Ϋ ‘γ_ ΅Ο“χ  “Θµ“γ “¥φ ‘Υ_“¤Τ“Ρφ‘ά_.,no
836556,15-9 21:39:3,4,test8,box,NQ+,long,moreThan,‘ά_“Ξ“Ϋ ‘ψ_“_Ϋ“«“χ “Δ“_“_Ι‘άφ‘ά_.,images/NQ+_box_post.jpg,‘ψ_“_Ϋ“«΅Ϋ “γό ΅Ο “«“Δ“χ “Δ“_‘΄_ “Ρ«“¤Ϋ “¥_“¥χ‘ά_.,yes
836556,15-9 21:39:3,5,test4,balloon,NQ+,short,moreThan,‘ά_“Ξ“Ϋ “£_“έ“«“χ ’Υ“γΚ“_Ι‘άφ‘ά_.,images/NQ+_balloon_post.jpg,“£_“έ“«΅Ϋ “γό ΅Ο “«“Δ“χ ’Υ“γΚ“γ “¥φ ’γ΅’_ό‘Κό‘ά_.,no
836556,15-9 21:39:3,6,test3,bowling,QN+,short,moreThan,‘ά_“Ξ“Ϋ ’¥χ“Ϋ“«“χ ‘__‘¤’¥Ϋ“_Ι‘άφ‘ά_.,images/QN+_bowling_post.jpg,’¥χ“Ϋ“«΅Ϋ ‘γ_ ΅Ο “«“Δ“χ ‘__‘¤’¥Ϋ“γ “¥φ ‘γχ“Π«‘Ο¬‘Κό‘ά_.,yes
836556,15-9 21:39:3,7,test6,triangle,NQ,long,regular,‘ά_“Ξ“Ϋ “¤Ϋ“_΅“χ “γό‘»¬“_Ι‘άφ‘ά_.,images/NQ_triangle_post.jpg,“¤Ϋ“_΅΅Ϋ “γό ΅Ο“χ  “γό‘»¬‘΄_ “_Κ’¥χ“¤Ϋ “¥_“¥χ‘ά_.,no
836556,15-9 21:39:3,8,test7,book,QN+,long,moreThan,‘ά_“Ξ“Ϋ “¤Ϋ’χό“χ “±Ι“_Ι‘άφ‘ά_.,images/QN+_book_post.jpg,“¤Ϋ’χό΅Ϋ “γό ¦Ξ “«“Δ“χ “±Ι“γ ’__“_χ“¤Ϋ “¥_“¥χ‘ά_.,yes
207921,15-9 21:47:0,1,training1,training1,,NA,NA,‘ά_“Ξ“Ϋ “_Κ“φχ“χ “Κγ“άΟ“_© _΅“ό’χ¥“_Ι‘άφ‘ά_.,images/training001.jpg,“_Κ“φχ΅Ϋ ‘γ_ ΅Ο“χ  _΅“ό’χ¥“γ “Κγ“άΟ’¥« ‘ “¤Ϋ “¥_“¥χ‘ά_.,no
207921,15-9 21:47:0,2,training2,training2,,NA,NA,‘ά_“Ξ“Ϋ “£_“έ“«“χ “¥Κ“γ‘‘Β_ _Κ“ΠΤ“«“_Ι‘άφ‘ά_.,images/training002.jpg,“£_“έ“«΅Ϋ ‘Τ ‘¤φ‘_Β“χ  _Κ“ΠΤ“«‘΄_ “¥φ ’β_“_«‘ά_.,no
207921,15-9 21:47:0,3,test4,book,NQ+,short,moreThan,‘ά_“Ξ“Ϋ “γΟ“Ρ΅“«“χ “±Ι“_Ι‘άφ‘ά_.,images/NQ+_book_post.jpg,“γΟ“Ρ΅“«΅Ϋ “γό ¦Ξ “«“Δ“χ “±Ι“γ “¥φ ’__“__‘ά_.,yes
207921,15-9 21:47:0,4,test8,paper,NQ+,long,moreThan,‘ά_“Ξ“Ϋ “¤Ϋ“_΅“χ “ΆΙ“«“_Ι‘άφ‘ά_.,images/NQ+_paper_post.jpg,“¤Ϋ“_΅΅Ϋ ‘γ_ “_΄ “«“Δ“χ “ΆΙ“«‘΄_ µΒό΅“¤Ϋ “¥_“¥χ‘ά_.,yes
207921,15-9 21:47:0,5,test2,triangle,NQ,short,regular,‘ά_“Ξ“Ϋ ‘ψ_“γΟ“χ “γό‘»¬“_Ι‘άφ‘ά_.,images/NQ_triangle_post.jpg,‘ψ_“γΟ΅Ϋ “γό ΅Ο“χ  “γό‘»¬‘΄_ “¥φ “_Κ’Πφ‘ά_.,yes
207921,15-9 21:47:0,6,test7,box,QN+,long,moreThan,‘ά_“Ξ“Ϋ “¤Ϋ’χό“χ “Δ“_“_Ι‘άφ‘ά_.,images/QN+_box_post.jpg,“¤Ϋ’χό΅Ϋ “γό ΅Ο “«“Δ“χ “Δ“_‘΄_ “Ρ«“¤Ϋ “¥_“¥χ‘ά_.,no
207921,15-9 21:47:0,7,test5,cup,QN,long,regular,‘ά_“Ξ“Ϋ “¤Ϋ“¥γ“χ “Θµ“_Ι‘άφ‘ά_.,images/QN_cup_post.jpg,“¤Ϋ“¥γ΅Ϋ ‘γ_ ΅Ο“χ  “Θµ“γ ‘Υ_“¤Τ“¤Ϋ “¥_“¥χ‘ά_.,no
207921,15-9 21:47:0,8,test3,bowling,QN+,short,moreThan,‘ά_“Ξ“Ϋ ’¥χ“Ϋ“«“χ ‘__‘¤’¥Ϋ“_Ι‘άφ‘ά_.,images/QN+_bowling_post.jpg,’¥χ“Ϋ“«΅Ϋ ‘γ_ ΅Ο “«“Δ“χ ‘__‘¤’¥Ϋ“γ “¥φ ‘γχ“Π«‘Ο¬‘Κό‘ά_.,no
207921,15-9 21:47:0,9,test6,balloon,NQ,long,regular,‘ά_“Ξ“Ϋ ‘ψ_“_Ϋ“«“χ ’Υ“γΚ“_Ι‘άφ‘ά_.,images/NQ_balloon_post.jpg,‘ψ_“_Ϋ“«΅Ϋ “γό ΅Ο“χ  ’Υ“γΚ“γ ’γ΅’_ό‘_Β“¤Ϋ “¥_“¥χ‘ά_.,yes
152276,15-9 21:43:11,7,test5,book,QN,long,regular,‘ά_“Ξ“Ϋ ‘ψ_“_Ϋ“«“χ “±Ι“_Ι‘άφ‘ά_.,images/QN_book_post.jpg,‘ψ_“_Ϋ“«΅Ϋ “γό ¦Ξ“χ  “±Ι“γ ’__“_χ“¤Ϋ “¥_“¥χ‘ά_.,no
207921,15-9 21:47:0,10,test1,pencil,QN,short,regular,‘ά_“Ξ“Ϋ “γΟ“Ο_“«“χ “Ρ΅’¥γ“_Ι‘άφ‘ά_.,images/QN_pencil_post.jpg,“γΟ“Ο_“«΅Ϋ ‘γ_ ΅Ο“χ  “Ρ΅’¥γ“γ “¥φ ‘¦Ϋ‘ΩΒ‘Ο¬‘Κό‘ά_.,no
152276,15-9 21:43:11,8,test4,pencil,NQ+,short,moreThan,‘ά_“Ξ“Ϋ “£_“έ“«“χ “Ρ΅’¥γ“_Ι‘άφ‘ά_.,images/NQ+_pencil_post.jpg,“£_“έ“«΅Ϋ ‘γ_ ΅Ο “«“Δ“χ “Ρ΅’¥γ“γ “¥φ ‘¦Ϋ‘ΩΒ‘Ο¬‘Κό‘ά_.,yes
152276,15-9 21:43:11,9,test6,balloon,NQ,long,regular,‘ά_“Ξ“Ϋ ‘ψ_“γΟ“χ ’Υ“γΚ“_Ι‘άφ‘ά_.,images/NQ_balloon_post.jpg,‘ψ_“γΟ΅Ϋ “γό ΅Ο“χ  ’Υ“γΚ“γ ’γ΅’_ό‘_Β“¤Ϋ “¥_“¥χ‘ά_.,yes
152276,15-9 21:43:11,10,test3,bowling,QN+,short,moreThan,‘ά_“Ξ“Ϋ “¤Ϋ’χό“χ ‘__‘¤’¥Ϋ“_Ι‘άφ‘ά_.,images/QN+_bowling_post.jpg,“¤Ϋ’χό΅Ϋ ‘γ_ ΅Ο “«“Δ“χ ‘__‘¤’¥Ϋ“γ “¥φ ‘γχ“Π«‘Ο¬‘Κό‘ά_.,no
769253,15-9 21:49:2,1,training1,training1,,NA,NA,‘ά_“Ξ“Ϋ “_Κ“φχ“χ “Κγ“άΟ“_© _΅“ό’χ¥“_Ι‘άφ‘ά_.,images/training001.jpg,“_Κ“φχ΅Ϋ ‘γ_ ΅Ο“χ  _΅“ό’χ¥“γ “Κγ“άΟ’¥« ‘ “¤Ϋ “¥_“¥χ‘ά_.,no
769253,15-9 21:49:2,2,training2,training2,,NA,NA,‘ά_“Ξ“Ϋ “¤Ϋ“_΅“χ “¥Κ“γ‘‘Β_ _Κ“ΠΤ“«“_Ι‘άφ‘ά_.,images/training002.jpg,“¤Ϋ“_΅΅Ϋ ‘Τ ‘¤φ‘_Β“χ  _Κ“ΠΤ“«‘΄_ “¥φ ’β_“_«‘ά_.,no
769253,15-9 21:49:2,3,test6,paper,NQ,long,regular,‘ά_“Ξ“Ϋ ‘ψ_“γΟ“χ “ΆΙ“«“_Ι‘άφ‘ά_.,images/NQ_paper_post.jpg,‘ψ_“γΟ΅Ϋ ‘γ_ “_΄“χ  “ΆΙ“«‘΄_ µΒό΅“¤Ϋ “¥_“¥χ‘ά_.,no
769253,15-9 21:49:2,4,test2,pencil,NQ,short,regular,‘ά_“Ξ“Ϋ “γΟ“Ο_“«“χ “Ρ΅’¥γ“_Ι‘άφ‘ά_.,images/NQ_pencil_post.jpg,“γΟ“Ο_“«΅Ϋ ‘γ_ ΅Ο“χ  “Ρ΅’¥γ“γ “¥φ ‘¦Ϋ‘ΩΒ‘Ο¬‘Κό‘ά_.,yes
769253,15-9 21:49:2,5,test8,balloon,NQ+,long,moreThan,‘ά_“Ξ“Ϋ “£_“έ“«“χ ’Υ“γΚ“_Ι‘άφ‘ά_.,images/NQ+_balloon_post.jpg,“£_“έ“«΅Ϋ “γό ΅Ο “«“Δ“χ ’Υ“γΚ“γ ’γ΅’_ό‘_Β“¤Ϋ “¥_“¥χ‘ά_.,yes
769253,15-9 21:49:2,6,test1,bowling,QN,short,regular,‘ά_“Ξ“Ϋ “¤Ϋ“¥γ“χ ‘__‘¤’¥Ϋ“_Ι‘άφ‘ά_.,images/QN_bowling_post.jpg,“¤Ϋ“¥γ΅Ϋ ‘γ_ ΅Ο“χ  ‘__‘¤’¥Ϋ“γ “¥φ ‘γχ“Π«‘Ο¬‘Κό‘ά_.,yes
769253,15-9 21:49:2,7,test4,triangle,NQ+,short,moreThan,‘ά_“Ξ“Ϋ ‘ψ_“_Ϋ“«“χ “γό‘»¬“_Ι‘άφ‘ά_.,images/NQ+_triangle_post.jpg,‘ψ_“_Ϋ“«΅Ϋ “γό ΅Ο “«“Δ“χ “γό‘»¬‘΄_ “¥φ “_Κ’Πφ‘ά_.,yes
769253,15-9 21:49:2,8,test3,book,QN+,short,moreThan,‘ά_“Ξ“Ϋ “¤Ϋ’χό“χ “±Ι“_Ι‘άφ‘ά_.,images/QN+_book_post.jpg,“¤Ϋ’χό΅Ϋ “γό ¦Ξ “«“Δ“χ “±Ι“γ “¥φ ’__“__‘ά_.,yes
769253,15-9 21:49:2,9,test5,box,QN,long,regular,‘ά_“Ξ“Ϋ “γΟ“Ρ΅“«“χ “Δ“_“_Ι‘άφ‘ά_.,images/QN_box_post.jpg,“γΟ“Ρ΅“«΅Ϋ “γό ΅Ο“χ  “Δ“_‘΄_ “Ρ«“¤Ϋ “¥_“¥χ‘ά_.,yes
769253,15-9 21:49:2,10,test7,cup,QN+,long,moreThan,‘ά_“Ξ“Ϋ ’¥χ“Ϋ“«“χ “Θµ“_Ι‘άφ‘ά_.,images/QN+_cup_post.jpg,’¥χ“Ϋ“«΅Ϋ ‘γ_ ΅Ο “«“Δ“χ “Θµ“γ ‘Υ_“¤Τ“¤Ϋ “¥_“¥χ‘ά_.,yes
833857,15-9 22:27:51,1,training1,training1,,NA,NA,‘ά_“Ξ“Ϋ ‘ψ_“γΟ“χ “Κγ“άΟ“_© _΅“ό’χ¥“_Ι‘άφ‘ά_.,images/training001.jpg,‘ψ_“γΟ΅Ϋ ‘γ_ ΅Ο“χ  _΅“ό’χ¥“γ “Κγ“άΟ’¥« ‘ “¤Ϋ “¥_“¥χ‘ά_.,yes
833857,15-9 22:27:51,2,training2,training2,,NA,NA,‘ά_“Ξ“Ϋ “γΟ“Ρ΅“«“χ “¥Κ“γ‘‘Β_ _Κ“ΠΤ“«“_Ι‘άφ‘ά_.,images/training002.jpg,“γΟ“Ρ΅“«΅Ϋ ‘Τ ‘¤φ‘_Β“χ  _Κ“ΠΤ“«‘΄_ “¥φ ’β_“_«‘ά_.,no
833857,15-9 22:27:51,3,test7,paper,QN+,long,moreThan,‘ά_“Ξ“Ϋ “¤Ϋ’χό“χ “ΆΙ“«“_Ι‘άφ‘ά_.,images/QN+_paper_post.jpg,“¤Ϋ’χό΅Ϋ ‘γ_ “_΄ “«“Δ“χ “ΆΙ“«‘΄_ µΒό΅“¤Ϋ “¥_“¥χ‘ά_.,no
833857,15-9 22:27:51,4,test5,triangle,QN,long,regular,‘ά_“Ξ“Ϋ “¤Ϋ“¥γ“χ “γό‘»¬“_Ι‘άφ‘ά_.,images/QN_triangle_post.jpg,“¤Ϋ“¥γ΅Ϋ “γό ΅Ο“χ  “γό‘»¬‘΄_ “_Κ’¥χ“¤Ϋ “¥_“¥χ‘ά_.,no
833857,15-9 22:27:51,5,test3,book,QN+,short,moreThan,‘ά_“Ξ“Ϋ ‘ψ_“_Ϋ“«“χ “±Ι“_Ι‘άφ‘ά_.,images/QN+_book_post.jpg,‘ψ_“_Ϋ“«΅Ϋ “γό ¦Ξ “«“Δ“χ “±Ι“γ “¥φ ’__“__‘ά_.,no
833857,15-9 22:27:51,6,test1,cup,QN,short,regular,‘ά_“Ξ“Ϋ “γΟ“Ο_“«“χ “Θµ“_Ι‘άφ‘ά_.,images/QN_cup_post.jpg,“γΟ“Ο_“«΅Ϋ ‘γ_ ΅Ο“χ  “Θµ“γ “¥φ ‘Υ_“¤Τ“Ρφ‘ά_.,yes
833857,15-9 22:27:51,7,test6,bowling,NQ,long,regular,‘ά_“Ξ“Ϋ “¤Ϋ“_΅“χ ‘__‘¤’¥Ϋ“_Ι‘άφ‘ά_.,images/NQ_bowling_post.jpg,“¤Ϋ“_΅΅Ϋ ‘γ_ ΅Ο“χ  ‘__‘¤’¥Ϋ“γ ‘γχ“Π«‘Ο¬‘_Β“¤Ϋ “¥_“¥χ‘ά_.,yes
833857,15-9 22:27:51,8,test8,balloon,NQ+,long,moreThan,‘ά_“Ξ“Ϋ “_Κ“φχ“χ ’Υ“γΚ“_Ι‘άφ‘ά_.,images/NQ+_balloon_post.jpg,“_Κ“φχ΅Ϋ “γό ΅Ο “«“Δ“χ ’Υ“γΚ“γ ’γ΅’_ό‘_Β“¤Ϋ “¥_“¥χ‘ά_.,no
833857,15-9 22:27:51,9,test4,pencil,NQ+,short,moreThan,‘ά_“Ξ“Ϋ ’¥χ“Ϋ“«“χ “Ρ΅’¥γ“_Ι‘άφ‘ά_.,images/NQ+_pencil_post.jpg,’¥χ“Ϋ“«΅Ϋ ‘γ_ ΅Ο “«“Δ“χ “Ρ΅’¥γ“γ “¥φ ‘¦Ϋ‘ΩΒ‘Ο¬‘Κό‘ά_.,yes
833857,15-9 22:27:51,10,test2,box,NQ,short,regular,‘ά_“Ξ“Ϋ “£_“έ“«“χ “Δ“_“_Ι‘άφ‘ά_.,images/NQ_box_post.jpg,“£_“έ“«΅Ϋ “γό ΅Ο“χ  “Δ“_‘΄_ “¥φ “Ρ«“Ρφ‘ά_.,no
122507,16-9 0:17:17,1,training1,training1,,NA,NA,‘ά_“Ξ“Ϋ “¤Ϋ“_΅“χ “Κγ“άΟ“_© _΅“ό’χ¥“_Ι‘άφ‘ά_.,images/training001.jpg,“¤Ϋ“_΅΅Ϋ ‘γ_ ΅Ο“χ  _΅“ό’χ¥“γ “Κγ“άΟ’¥« ‘ “¤Ϋ “¥_“¥χ‘ά_.,yes
122507,16-9 0:17:17,2,training2,training2,,NA,NA,‘ά_“Ξ“Ϋ ‘ψ_“_Ϋ“«“χ “¥Κ“γ‘‘Β_ _Κ“ΠΤ“«“_Ι‘άφ‘ά_.,images/training002.jpg,‘ψ_“_Ϋ“«΅Ϋ ‘Τ ‘¤φ‘_Β“χ  _Κ“ΠΤ“«‘΄_ “¥φ ’β_“_«‘ά_.,no
122507,16-9 0:17:17,3,test7,box,QN+,long,moreThan,‘ά_“Ξ“Ϋ “_Κ“φχ“χ “Δ“_“_Ι‘άφ‘ά_.,images/QN+_box_post.jpg,“_Κ“φχ΅Ϋ “γό ΅Ο “«“Δ“χ “Δ“_‘΄_ “Ρ«“¤Ϋ “¥_“¥χ‘ά_.,yes
122507,16-9 0:17:17,4,test8,bowling,NQ+,long,moreThan,‘ά_“Ξ“Ϋ ’¥χ“Ϋ“«“χ ‘__‘¤’¥Ϋ“_Ι‘άφ‘ά_.,images/NQ+_bowling_post.jpg,’¥χ“Ϋ“«΅Ϋ ‘γ_ ΅Ο “«“Δ“χ ‘__‘¤’¥Ϋ“γ ‘γχ“Π«‘Ο¬‘_Β“¤Ϋ “¥_“¥χ‘ά_.,yes
122507,16-9 0:17:17,5,test1,triangle,QN,short,regular,‘ά_“Ξ“Ϋ “γΟ“Ρ΅“«“χ “γό‘»¬“_Ι‘άφ‘ά_.,images/QN_triangle_post.jpg,“γΟ“Ρ΅“«΅Ϋ “γό ΅Ο“χ  “γό‘»¬‘΄_ “¥φ “_Κ’Πφ‘ά_.,no
122507,16-9 0:17:17,6,test6,balloon,NQ,long,regular,‘ά_“Ξ“Ϋ ‘ψ_“γΟ“χ ’Υ“γΚ“_Ι‘άφ‘ά_.,images/NQ_balloon_post.jpg,‘ψ_“γΟ΅Ϋ “γό ΅Ο“χ  ’Υ“γΚ“γ ’γ΅’_ό‘_Β“¤Ϋ “¥_“¥χ‘ά_.,yes
122507,16-9 0:17:17,7,test3,book,QN+,short,moreThan,‘ά_“Ξ“Ϋ “¤Ϋ“¥γ“χ “±Ι“_Ι‘άφ‘ά_.,images/QN+_book_post.jpg,“¤Ϋ“¥γ΅Ϋ “γό ¦Ξ “«“Δ“χ “±Ι“γ “¥φ ’__“__‘ά_.,yes
122507,16-9 0:17:17,8,test5,pencil,QN,long,regular,‘ά_“Ξ“Ϋ “γΟ“Ο_“«“χ “Ρ΅’¥γ“_Ι‘άφ‘ά_.,images/QN_pencil_post.jpg,“γΟ“Ο_“«΅Ϋ ‘γ_ ΅Ο“χ  “Ρ΅’¥γ“γ ‘¦Ϋ‘ΩΒ‘Ο¬‘_Β“¤Ϋ “¥_“¥χ‘ά_.,no
122507,16-9 0:17:17,9,test2,cup,NQ,short,regular,‘ά_“Ξ“Ϋ “¤Ϋ’χό“χ “Θµ“_Ι‘άφ‘ά_.,images/NQ_cup_post.jpg,“¤Ϋ’χό΅Ϋ ‘γ_ ΅Ο“χ  “Θµ“γ “¥φ ‘Υ_“¤Τ“Ρφ‘ά_.,yes
122507,16-9 0:17:17,10,test4,paper,NQ+,short,moreThan,‘ά_“Ξ“Ϋ “£_“έ“«“χ “ΆΙ“«“_Ι‘άφ‘ά_.,images/NQ+_paper_post.jpg,“£_“έ“«΅Ϋ ‘γ_ “_΄ “«“Δ“χ “ΆΙ“«‘΄_ “¥φ µΒ__‘ά_.,yes
282995,16-9 0:56:20,1,training1,training1,,NA,NA,‘ά_“Ξ“Ϋ ‘ψ_“_Ϋ“«“χ “Κγ“άΟ“_© _΅“ό’χ¥“_Ι‘άφ‘ά_.,images/training001.jpg,‘ψ_“_Ϋ“«΅Ϋ ‘γ_ ΅Ο“χ  _΅“ό’χ¥“γ “Κγ“άΟ’¥« ‘ “¤Ϋ “¥_“¥χ‘ά_.,yes
282995,16-9 0:56:20,2,training2,training2,,NA,NA,‘ά_“Ξ“Ϋ “_Κ“φχ“χ “¥Κ“γ‘‘Β_ _Κ“ΠΤ“«“_Ι‘άφ‘ά_.,images/training002.jpg,“_Κ“φχ΅Ϋ ‘Τ ‘¤φ‘_Β“χ  _Κ“ΠΤ“«‘΄_ “¥φ ’β_“_«‘ά_.,no
515155,16-9 0:57:13,1,training1,training1,,NA,NA,‘ά_“Ξ“Ϋ ’¥χ“Ϋ“«“χ “Κγ“άΟ“_© _΅“ό’χ¥“_Ι‘άφ‘ά_.,images/training001.jpg,’¥χ“Ϋ“«΅Ϋ ‘γ_ ΅Ο“χ  _΅“ό’χ¥“γ “Κγ“άΟ’¥« ‘ “¤Ϋ “¥_“¥χ‘ά_.,yes
515155,16-9 0:57:13,2,training2,training2,,NA,NA,‘ά_“Ξ“Ϋ ‘ψ_“γΟ“χ “¥Κ“γ‘‘Β_ _Κ“ΠΤ“«“_Ι‘άφ‘ά_.,images/training002.jpg,‘ψ_“γΟ΅Ϋ ‘Τ ‘¤φ‘_Β“χ  _Κ“ΠΤ“«‘΄_ “¥φ ’β_“_«‘ά_.,no
515155,16-9 0:57:13,3,test5,paper,QN,long,regular,‘ά_“Ξ“Ϋ “¤Ϋ’χό“χ “ΆΙ“«“_Ι‘άφ‘ά_.,images/QN_paper_post.jpg,“¤Ϋ’χό΅Ϋ ‘γ_ “_΄“χ  “ΆΙ“«‘΄_ µΒό΅“¤Ϋ “¥_“¥χ‘ά_.,no
515155,16-9 0:57:13,4,test7,triangle,QN+,long,moreThan,‘ά_“Ξ“Ϋ “γΟ“Ρ΅“«“χ “γό‘»¬“_Ι‘άφ‘ά_.,images/QN+_triangle_post.jpg,“γΟ“Ρ΅“«΅Ϋ “γό ΅Ο “«“Δ“χ “γό‘»¬‘΄_ “_Κ’¥χ“¤Ϋ “¥_“¥χ‘ά_.,no
515155,16-9 0:57:13,5,test3,pencil,QN+,short,moreThan,‘ά_“Ξ“Ϋ “¤Ϋ“¥γ“χ “Ρ΅’¥γ“_Ι‘άφ‘ά_.,images/QN+_pencil_post.jpg,“¤Ϋ“¥γ΅Ϋ ‘γ_ ΅Ο “«“Δ“χ “Ρ΅’¥γ“γ “¥φ ‘¦Ϋ‘ΩΒ‘Ο¬‘Κό‘ά_.,no
515155,16-9 0:57:13,6,test1,bowling,QN,short,regular,‘ά_“Ξ“Ϋ “¤Ϋ“_΅“χ ‘__‘¤’¥Ϋ“_Ι‘άφ‘ά_.,images/QN_bowling_post.jpg,“¤Ϋ“_΅΅Ϋ ‘γ_ ΅Ο“χ  ‘__‘¤’¥Ϋ“γ “¥φ ‘γχ“Π«‘Ο¬‘Κό‘ά_.,no
515155,16-9 0:57:13,7,test6,balloon,NQ,long,regular,‘ά_“Ξ“Ϋ “£_“έ“«“χ ’Υ“γΚ“_Ι‘άφ‘ά_.,images/NQ_balloon_post.jpg,“£_“έ“«΅Ϋ “γό ΅Ο“χ  ’Υ“γΚ“γ ’γ΅’_ό‘_Β“¤Ϋ “¥_“¥χ‘ά_.,yes
515155,16-9 0:57:13,8,test8,cup,NQ+,long,moreThan,‘ά_“Ξ“Ϋ “γΟ“Ο_“«“χ “Θµ“_Ι‘άφ‘ά_.,images/NQ+_cup_post.jpg,“γΟ“Ο_“«΅Ϋ ‘γ_ ΅Ο “«“Δ“χ “Θµ“γ ‘Υ_“¤Τ“¤Ϋ “¥_“¥χ‘ά_.,yes
515155,16-9 0:57:13,9,test2,book,NQ,short,regular,‘ά_“Ξ“Ϋ “_Κ“φχ“χ “±Ι“_Ι‘άφ‘ά_.,images/NQ_book_post.jpg,“_Κ“φχ΅Ϋ “γό ¦Ξ“χ  “±Ι“γ “¥φ ’__“__‘ά_.,yes
515155,16-9 0:57:13,10,test4,box,NQ+,short,moreThan,‘ά_“Ξ“Ϋ ‘ψ_“_Ϋ“«“χ “Δ“_“_Ι‘άφ‘ά_.,images/NQ+_box_post.jpg,‘ψ_“_Ϋ“«΅Ϋ “γό ΅Ο “«“Δ“χ “Δ“_‘΄_ “¥φ “Ρ«“Ρφ‘ά_.,yes
254037,16-9 1:47:40,1,training1,training1,,NA,NA,‘ά_“Ξ“Ϋ “¤Ϋ“_΅“χ “Κγ“άΟ“_© _΅“ό’χ¥“_Ι‘άφ‘ά_.,images/training001.jpg,“¤Ϋ“_΅΅Ϋ ‘γ_ ΅Ο“χ  _΅“ό’χ¥“γ “Κγ“άΟ’¥« ‘ “¤Ϋ “¥_“¥χ‘ά_.,yes
254037,16-9 1:47:40,2,training2,training2,,NA,NA,‘ά_“Ξ“Ϋ “¤Ϋ’χό“χ “¥Κ“γ‘‘Β_ _Κ“ΠΤ“«“_Ι‘άφ‘ά_.,images/training002.jpg,“¤Ϋ’χό΅Ϋ ‘Τ ‘¤φ‘_Β“χ  _Κ“ΠΤ“«‘΄_ “¥φ ’β_“_«‘ά_.,no
254037,16-9 1:47:40,3,test7,paper,QN+,long,moreThan,‘ά_“Ξ“Ϋ “£_“έ“«“χ “ΆΙ“«“_Ι‘άφ‘ά_.,images/QN+_paper_post.jpg,“£_“έ“«΅Ϋ ‘γ_ “_΄ “«“Δ“χ “ΆΙ“«‘΄_ µΒό΅“¤Ϋ “¥_“¥χ‘ά_.,no
254037,16-9 1:47:40,4,test1,pencil,QN,short,regular,‘ά_“Ξ“Ϋ “¤Ϋ“¥γ“χ “Ρ΅’¥γ“_Ι‘άφ‘ά_.,images/QN_pencil_post.jpg,“¤Ϋ“¥γ΅Ϋ ‘γ_ ΅Ο“χ  “Ρ΅’¥γ“γ “¥φ ‘¦Ϋ‘ΩΒ‘Ο¬‘Κό‘ά_.,no
254037,16-9 1:47:40,5,test2,triangle,NQ,short,regular,‘ά_“Ξ“Ϋ ’¥χ“Ϋ“«“χ “γό‘»¬“_Ι‘άφ‘ά_.,images/NQ_triangle_post.jpg,’¥χ“Ϋ“«΅Ϋ “γό ΅Ο“χ  “γό‘»¬‘΄_ “¥φ “_Κ’Πφ‘ά_.,yes
254037,16-9 1:47:40,6,test3,cup,QN+,short,moreThan,‘ά_“Ξ“Ϋ “γΟ“Ρ΅“«“χ “Θµ“_Ι‘άφ‘ά_.,images/QN+_cup_post.jpg,“γΟ“Ρ΅“«΅Ϋ ‘γ_ ΅Ο “«“Δ“χ “Θµ“γ “¥φ ‘Υ_“¤Τ“Ρφ‘ά_.,no
254037,16-9 1:47:40,7,test6,bowling,NQ,long,regular,‘ά_“Ξ“Ϋ ‘ψ_“γΟ“χ ‘__‘¤’¥Ϋ“_Ι‘άφ‘ά_.,images/NQ_bowling_post.jpg,‘ψ_“γΟ΅Ϋ ‘γ_ ΅Ο“χ  ‘__‘¤’¥Ϋ“γ ‘γχ“Π«‘Ο¬‘_Β“¤Ϋ “¥_“¥χ‘ά_.,yes
254037,16-9 1:47:40,8,test5,book,QN,long,regular,‘ά_“Ξ“Ϋ “γΟ“Ο_“«“χ “±Ι“_Ι‘άφ‘ά_.,images/QN_book_post.jpg,“γΟ“Ο_“«΅Ϋ “γό ¦Ξ“χ  “±Ι“γ ’__“_χ“¤Ϋ “¥_“¥χ‘ά_.,no
254037,16-9 1:47:40,9,test8,balloon,NQ+,long,moreThan,‘ά_“Ξ“Ϋ “_Κ“φχ“χ ’Υ“γΚ“_Ι‘άφ‘ά_.,images/NQ+_balloon_post.jpg,“_Κ“φχ΅Ϋ “γό ΅Ο “«“Δ“χ ’Υ“γΚ“γ ’γ΅’_ό‘_Β“¤Ϋ “¥_“¥χ‘ά_.,yes
254037,16-9 1:47:40,10,test4,box,NQ+,short,moreThan,‘ά_“Ξ“Ϋ ‘ψ_“_Ϋ“«“χ “Δ“_“_Ι‘άφ‘ά_.,images/NQ+_box_post.jpg,‘ψ_“_Ϋ“«΅Ϋ “γό ΅Ο “«“Δ“χ “Δ“_‘΄_ “¥φ “Ρ«“Ρφ‘ά_.,yes
425451,16-9 2:52:52,1,training1,training1,,NA,NA,‘ά_“Ξ“Ϋ “¤Ϋ’χό“χ “Κγ“άΟ“_© _΅“ό’χ¥“_Ι‘άφ‘ά_.,images/training001.jpg,“¤Ϋ’χό΅Ϋ ‘γ_ ΅Ο“χ  _΅“ό’χ¥“γ “Κγ“άΟ’¥« ‘ “¤Ϋ “¥_“¥χ‘ά_.,yes
425451,16-9 2:52:52,2,training2,training2,,NA,NA,‘ά_“Ξ“Ϋ “γΟ“Ο_“«“χ “¥Κ“γ‘‘Β_ _Κ“ΠΤ“«“_Ι‘άφ‘ά_.,images/training002.jpg,“γΟ“Ο_“«΅Ϋ ‘Τ ‘¤φ‘_Β“χ  _Κ“ΠΤ“«‘΄_ “¥φ ’β_“_«‘ά_.,no
425451,16-9 2:52:52,3,test6,box,NQ,long,regular,‘ά_“Ξ“Ϋ “γΟ“Ρ΅“«“χ “Δ“_“_Ι‘άφ‘ά_.,images/NQ_box_post.jpg,“γΟ“Ρ΅“«΅Ϋ “γό ΅Ο“χ  “Δ“_‘΄_ “Ρ«“¤Ϋ “¥_“¥χ‘ά_.,yes
425451,16-9 2:52:52,4,test3,balloon,QN+,short,moreThan,‘ά_“Ξ“Ϋ “_Κ“φχ“χ ’Υ“γΚ“_Ι‘άφ‘ά_.,images/QN+_balloon_post.jpg,“_Κ“φχ΅Ϋ “γό ΅Ο “«“Δ“χ ’Υ“γΚ“γ “¥φ ’γ΅’_ό‘Κό‘ά_.,no
425451,16-9 2:52:52,5,test2,book,NQ,short,regular,‘ά_“Ξ“Ϋ ‘ψ_“_Ϋ“«“χ “±Ι“_Ι‘άφ‘ά_.,images/NQ_book_post.jpg,‘ψ_“_Ϋ“«΅Ϋ “γό ¦Ξ“χ  “±Ι“γ “¥φ ’__“__‘ά_.,yes
425451,16-9 2:52:52,6,test4,pencil,NQ+,short,moreThan,‘ά_“Ξ“Ϋ “¤Ϋ“_΅“χ “Ρ΅’¥γ“_Ι‘άφ‘ά_.,images/NQ+_pencil_post.jpg,“¤Ϋ“_΅΅Ϋ ‘γ_ ΅Ο “«“Δ“χ “Ρ΅’¥γ“γ “¥φ ‘¦Ϋ‘ΩΒ‘Ο¬‘Κό‘ά_.,yes
425451,16-9 2:52:52,7,test1,bowling,QN,short,regular,‘ά_“Ξ“Ϋ ‘ψ_“γΟ“χ ‘__‘¤’¥Ϋ“_Ι‘άφ‘ά_.,images/QN_bowling_post.jpg,‘ψ_“γΟ΅Ϋ ‘γ_ ΅Ο“χ  ‘__‘¤’¥Ϋ“γ “¥φ ‘γχ“Π«‘Ο¬‘Κό‘ά_.,no
425451,16-9 2:52:52,8,test5,paper,QN,long,regular,‘ά_“Ξ“Ϋ “£_“έ“«“χ “ΆΙ“«“_Ι‘άφ‘ά_.,images/QN_paper_post.jpg,“£_“έ“«΅Ϋ ‘γ_ “_΄“χ  “ΆΙ“«‘΄_ µΒό΅“¤Ϋ “¥_“¥χ‘ά_.,no
425451,16-9 2:52:52,9,test7,triangle,QN+,long,moreThan,‘ά_“Ξ“Ϋ “¤Ϋ“¥γ“χ “γό‘»¬“_Ι‘άφ‘ά_.,images/QN+_triangle_post.jpg,“¤Ϋ“¥γ΅Ϋ “γό ΅Ο “«“Δ“χ “γό‘»¬‘΄_ “_Κ’¥χ“¤Ϋ “¥_“¥χ‘ά_.,no
425451,16-9 2:52:52,10,test8,cup,NQ+,long,moreThan,‘ά_“Ξ“Ϋ ’¥χ“Ϋ“«“χ “Θµ“_Ι‘άφ‘ά_.,images/NQ+_cup_post.jpg,’¥χ“Ϋ“«΅Ϋ ‘γ_ ΅Ο “«“Δ“χ “Θµ“γ ‘Υ_“¤Τ“¤Ϋ “¥_“¥χ‘ά_.,yes
779843,16-9 2:59:29,1,training1,training1,,NA,NA,‘ά_“Ξ“Ϋ “_Κ“φχ“χ “Κγ“άΟ“_© _΅“ό’χ¥“_Ι‘άφ‘ά_.,images/training001.jpg,“_Κ“φχ΅Ϋ ‘γ_ ΅Ο“χ  _΅“ό’χ¥“γ “Κγ“άΟ’¥« ‘ “¤Ϋ “¥_“¥χ‘ά_.,yes
779843,16-9 2:59:29,2,training2,training2,,NA,NA,‘ά_“Ξ“Ϋ “γΟ“Ρ΅“«“χ “¥Κ“γ‘‘Β_ _Κ“ΠΤ“«“_Ι‘άφ‘ά_.,images/training002.jpg,“γΟ“Ρ΅“«΅Ϋ ‘Τ ‘¤φ‘_Β“χ  _Κ“ΠΤ“«‘΄_ “¥φ ’β_“_«‘ά_.,no
779843,16-9 2:59:29,3,test2,cup,NQ,short,regular,‘ά_“Ξ“Ϋ “¤Ϋ’χό“χ “Θµ“_Ι‘άφ‘ά_.,images/NQ_cup_post.jpg,“¤Ϋ’χό΅Ϋ ‘γ_ ΅Ο“χ  “Θµ“γ “¥φ ‘Υ_“¤Τ“Ρφ‘ά_.,yes
779843,16-9 2:59:29,4,test6,book,NQ,long,regular,‘ά_“Ξ“Ϋ “¤Ϋ“¥γ“χ “±Ι“_Ι‘άφ‘ά_.,images/NQ_book_post.jpg,“¤Ϋ“¥γ΅Ϋ “γό ¦Ξ“χ  “±Ι“γ ’__“_χ“¤Ϋ “¥_“¥χ‘ά_.,yes
779843,16-9 2:59:29,5,test5,box,QN,long,regular,‘ά_“Ξ“Ϋ ‘ψ_“_Ϋ“«“χ “Δ“_“_Ι‘άφ‘ά_.,images/QN_box_post.jpg,‘ψ_“_Ϋ“«΅Ϋ “γό ΅Ο“χ  “Δ“_‘΄_ “Ρ«“¤Ϋ “¥_“¥χ‘ά_.,no
779843,16-9 2:59:29,6,test4,balloon,NQ+,short,moreThan,‘ά_“Ξ“Ϋ “¤Ϋ“_΅“χ ’Υ“γΚ“_Ι‘άφ‘ά_.,images/NQ+_balloon_post.jpg,“¤Ϋ“_΅΅Ϋ “γό ΅Ο “«“Δ“χ ’Υ“γΚ“γ “¥φ ’γ΅’_ό‘Κό‘ά_.,yes
779843,16-9 2:59:29,7,test7,pencil,QN+,long,moreThan,‘ά_“Ξ“Ϋ “γΟ“Ο_“«“χ “Ρ΅’¥γ“_Ι‘άφ‘ά_.,images/QN+_pencil_post.jpg,“γΟ“Ο_“«΅Ϋ ‘γ_ ΅Ο “«“Δ“χ “Ρ΅’¥γ“γ ‘¦Ϋ‘ΩΒ‘Ο¬‘_Β“¤Ϋ “¥_“¥χ‘ά_.,no
779843,16-9 2:59:29,8,test3,bowling,QN+,short,moreThan,‘ά_“Ξ“Ϋ ‘ψ_“γΟ“χ ‘__‘¤’¥Ϋ“_Ι‘άφ‘ά_.,images/QN+_bowling_post.jpg,‘ψ_“γΟ΅Ϋ ‘γ_ ΅Ο “«“Δ“χ ‘__‘¤’¥Ϋ“γ “¥φ ‘γχ“Π«‘Ο¬‘Κό‘ά_.,no
779843,16-9 2:59:29,9,test8,paper,NQ+,long,moreThan,‘ά_“Ξ“Ϋ “£_“έ“«“χ “ΆΙ“«“_Ι‘άφ‘ά_.,images/NQ+_paper_post.jpg,“£_“έ“«΅Ϋ ‘γ_ “_΄ “«“Δ“χ “ΆΙ“«‘΄_ µΒό΅“¤Ϋ “¥_“¥χ‘ά_.,yes
779843,16-9 2:59:29,10,test1,triangle,QN,short,regular,‘ά_“Ξ“Ϋ ’¥χ“Ϋ“«“χ “γό‘»¬“_Ι‘άφ‘ά_.,images/QN_triangle_post.jpg,’¥χ“Ϋ“«΅Ϋ “γό ΅Ο“χ  “γό‘»¬‘΄_ “¥φ “_Κ’Πφ‘ά_.,no
773830,16-9 8:12:15,1,training1,training1,,NA,NA,‘ά_“Ξ“Ϋ “γΟ“Ο_“«“χ “Κγ“άΟ“_© _΅“ό’χ¥“_Ι‘άφ‘ά_.,images/training001.jpg,“γΟ“Ο_“«΅Ϋ ‘γ_ ΅Ο“χ  _΅“ό’χ¥“γ “Κγ“άΟ’¥« ‘ “¤Ϋ “¥_“¥χ‘ά_.,yes
773830,16-9 8:12:15,2,training2,training2,,NA,NA,‘ά_“Ξ“Ϋ “¤Ϋ“_΅“χ “¥Κ“γ‘‘Β_ _Κ“ΠΤ“«“_Ι‘άφ‘ά_.,images/training002.jpg,“¤Ϋ“_΅΅Ϋ ‘Τ ‘¤φ‘_Β“χ  _Κ“ΠΤ“«‘΄_ “¥φ ’β_“_«‘ά_.,no
773830,16-9 8:12:15,3,test2,cup,NQ,short,regular,‘ά_“Ξ“Ϋ ‘ψ_“_Ϋ“«“χ “Θµ“_Ι‘άφ‘ά_.,images/NQ_cup_post.jpg,‘ψ_“_Ϋ“«΅Ϋ ‘γ_ ΅Ο“χ  “Θµ“γ “¥φ ‘Υ_“¤Τ“Ρφ‘ά_.,yes
773830,16-9 8:12:15,4,test1,balloon,QN,short,regular,‘ά_“Ξ“Ϋ ’¥χ“Ϋ“«“χ ’Υ“γΚ“_Ι‘άφ‘ά_.,images/QN_balloon_post.jpg,’¥χ“Ϋ“«΅Ϋ “γό ΅Ο“χ  ’Υ“γΚ“γ “¥φ ’γ΅’_ό‘Κό‘ά_.,no
773830,16-9 8:12:15,5,test7,pencil,QN+,long,moreThan,‘ά_“Ξ“Ϋ “¤Ϋ’χό“χ “Ρ΅’¥γ“_Ι‘άφ‘ά_.,images/QN+_pencil_post.jpg,“¤Ϋ’χό΅Ϋ ‘γ_ ΅Ο “«“Δ“χ “Ρ΅’¥γ“γ ‘¦Ϋ‘ΩΒ‘Ο¬‘_Β“¤Ϋ “¥_“¥χ‘ά_.,no
773830,16-9 8:12:15,6,test8,box,NQ+,long,moreThan,‘ά_“Ξ“Ϋ “γΟ“Ρ΅“«“χ “Δ“_“_Ι‘άφ‘ά_.,images/NQ+_box_post.jpg,“γΟ“Ρ΅“«΅Ϋ “γό ΅Ο “«“Δ“χ “Δ“_‘΄_ “Ρ«“¤Ϋ “¥_“¥χ‘ά_.,yes
773830,16-9 8:12:15,7,test6,book,NQ,long,regular,‘ά_“Ξ“Ϋ “¤Ϋ“¥γ“χ “±Ι“_Ι‘άφ‘ά_.,images/NQ_book_post.jpg,“¤Ϋ“¥γ΅Ϋ “γό ¦Ξ“χ  “±Ι“γ ’__“_χ“¤Ϋ “¥_“¥χ‘ά_.,yes
773830,16-9 8:12:15,8,test4,bowling,NQ+,short,moreThan,‘ά_“Ξ“Ϋ “£_“έ“«“χ ‘__‘¤’¥Ϋ“_Ι‘άφ‘ά_.,images/NQ+_bowling_post.jpg,“£_“έ“«΅Ϋ ‘γ_ ΅Ο “«“Δ“χ ‘__‘¤’¥Ϋ“γ “¥φ ‘γχ“Π«‘Ο¬‘Κό‘ά_.,yes
773830,16-9 8:12:15,9,test5,paper,QN,long,regular,‘ά_“Ξ“Ϋ “_Κ“φχ“χ “ΆΙ“«“_Ι‘άφ‘ά_.,images/QN_paper_post.jpg,“_Κ“φχ΅Ϋ ‘γ_ “_΄“χ  “ΆΙ“«‘΄_ µΒό΅“¤Ϋ “¥_“¥χ‘ά_.,no
773830,16-9 8:12:15,10,test3,triangle,QN+,short,moreThan,‘ά_“Ξ“Ϋ ‘ψ_“γΟ“χ “γό‘»¬“_Ι‘άφ‘ά_.,images/QN+_triangle_post.jpg,‘ψ_“γΟ΅Ϋ “γό ΅Ο “«“Δ“χ “γό‘»¬‘΄_ “¥φ “_Κ’Πφ‘ά_.,yes
544633,16-9 8:23:11,1,training1,training1,,NA,NA,‘ά_“Ξ“Ϋ “_Κ“φχ“χ “Κγ“άΟ“_© _΅“ό’χ¥“_Ι‘άφ‘ά_.,images/training001.jpg,“_Κ“φχ΅Ϋ ‘γ_ ΅Ο“χ  _΅“ό’χ¥“γ “Κγ“άΟ’¥« ‘ “¤Ϋ “¥_“¥χ‘ά_.,yes
544633,16-9 8:23:11,2,training2,training2,,NA,NA,‘ά_“Ξ“Ϋ “γΟ“Ρ΅“«“χ “¥Κ“γ‘‘Β_ _Κ“ΠΤ“«“_Ι‘άφ‘ά_.,images/training002.jpg,“γΟ“Ρ΅“«΅Ϋ ‘Τ ‘¤φ‘_Β“χ  _Κ“ΠΤ“«‘΄_ “¥φ ’β_“_«‘ά_.,no
544633,16-9 8:23:11,3,test1,book,QN,short,regular,‘ά_“Ξ“Ϋ “γΟ“Ο_“«“χ “±Ι“_Ι‘άφ‘ά_.,images/QN_book_post.jpg,“γΟ“Ο_“«΅Ϋ “γό ¦Ξ“χ  “±Ι“γ “¥φ ’__“__‘ά_.,no
544633,16-9 8:23:11,4,test3,pencil,QN+,short,moreThan,‘ά_“Ξ“Ϋ ‘ψ_“γΟ“χ “Ρ΅’¥γ“_Ι‘άφ‘ά_.,images/QN+_pencil_post.jpg,‘ψ_“γΟ΅Ϋ ‘γ_ ΅Ο “«“Δ“χ “Ρ΅’¥γ“γ “¥φ ‘¦Ϋ‘ΩΒ‘Ο¬‘Κό‘ά_.,no
544633,16-9 8:23:11,5,test8,triangle,NQ+,long,moreThan,‘ά_“Ξ“Ϋ “¤Ϋ“¥γ“χ “γό‘»¬“_Ι‘άφ‘ά_.,images/NQ+_triangle_post.jpg,“¤Ϋ“¥γ΅Ϋ “γό ΅Ο “«“Δ“χ “γό‘»¬‘΄_ “_Κ’¥χ“¤Ϋ “¥_“¥χ‘ά_.,no
544633,16-9 8:23:11,6,test7,box,QN+,long,moreThan,‘ά_“Ξ“Ϋ “¤Ϋ’χό“χ “Δ“_“_Ι‘άφ‘ά_.,images/QN+_box_post.jpg,“¤Ϋ’χό΅Ϋ “γό ΅Ο “«“Δ“χ “Δ“_‘΄_ “Ρ«“¤Ϋ “¥_“¥χ‘ά_.,no
544633,16-9 8:23:11,7,test4,cup,NQ+,short,moreThan,‘ά_“Ξ“Ϋ “£_“έ“«“χ “Θµ“_Ι‘άφ‘ά_.,images/NQ+_cup_post.jpg,“£_“έ“«΅Ϋ ‘γ_ ΅Ο “«“Δ“χ “Θµ“γ “¥φ ‘Υ_“¤Τ“Ρφ‘ά_.,yes
544633,16-9 8:23:11,8,test2,balloon,NQ,short,regular,‘ά_“Ξ“Ϋ ‘ψ_“_Ϋ“«“χ ’Υ“γΚ“_Ι‘άφ‘ά_.,images/NQ_balloon_post.jpg,‘ψ_“_Ϋ“«΅Ϋ “γό ΅Ο“χ  ’Υ“γΚ“γ “¥φ ’γ΅’_ό‘Κό‘ά_.,yes
544633,16-9 8:23:11,9,test6,paper,NQ,long,regular,‘ά_“Ξ“Ϋ ’¥χ“Ϋ“«“χ “ΆΙ“«“_Ι‘άφ‘ά_.,images/NQ_paper_post.jpg,’¥χ“Ϋ“«΅Ϋ ‘γ_ “_΄“χ  “ΆΙ“«‘΄_ µΒό΅“¤Ϋ “¥_“¥χ‘ά_.,yes
544633,16-9 8:23:11,10,test5,bowling,QN,long,regular,‘ά_“Ξ“Ϋ “¤Ϋ“_΅“χ ‘__‘¤’¥Ϋ“_Ι‘άφ‘ά_.,images/QN_bowling_post.jpg,“¤Ϋ“_΅΅Ϋ ‘γ_ ΅Ο“χ  ‘__‘¤’¥Ϋ“γ ‘γχ“Π«‘Ο¬‘_Β“¤Ϋ “¥_“¥χ‘ά_.,no
462533,16-9 8:51:15,1,training1,training1,,NA,NA,‘ά_“Ξ“Ϋ “£_“έ“«“χ “Κγ“άΟ“_© _΅“ό’χ¥“_Ι‘άφ‘ά_.,images/training001.jpg,“£_“έ“«΅Ϋ ‘γ_ ΅Ο“χ  _΅“ό’χ¥“γ “Κγ“άΟ’¥« ‘ “¤Ϋ “¥_“¥χ‘ά_.,yes
462533,16-9 8:51:15,2,training2,training2,,NA,NA,‘ά_“Ξ“Ϋ ’¥χ“Ϋ“«“χ “¥Κ“γ‘‘Β_ _Κ“ΠΤ“«“_Ι‘άφ‘ά_.,images/training002.jpg,’¥χ“Ϋ“«΅Ϋ ‘Τ ‘¤φ‘_Β“χ  _Κ“ΠΤ“«‘΄_ “¥φ ’β_“_«‘ά_.,no
462533,16-9 8:51:15,3,test1,book,QN,short,regular,‘ά_“Ξ“Ϋ ‘ψ_“_Ϋ“«“χ “±Ι“_Ι‘άφ‘ά_.,images/QN_book_post.jpg,‘ψ_“_Ϋ“«΅Ϋ “γό ¦Ξ“χ  “±Ι“γ “¥φ ’__“__‘ά_.,yes
462533,16-9 8:51:15,4,test7,balloon,QN+,long,moreThan,‘ά_“Ξ“Ϋ “¤Ϋ“_΅“χ ’Υ“γΚ“_Ι‘άφ‘ά_.,images/QN+_balloon_post.jpg,“¤Ϋ“_΅΅Ϋ “γό ΅Ο “«“Δ“χ ’Υ“γΚ“γ ’γ΅’_ό‘_Β“¤Ϋ “¥_“¥χ‘ά_.,no
462533,16-9 8:51:15,5,test4,triangle,NQ+,short,moreThan,‘ά_“Ξ“Ϋ “¤Ϋ’χό“χ “γό‘»¬“_Ι‘άφ‘ά_.,images/NQ+_triangle_post.jpg,“¤Ϋ’χό΅Ϋ “γό ΅Ο “«“Δ“χ “γό‘»¬‘΄_ “¥φ “_Κ’Πφ‘ά_.,yes
462533,16-9 8:51:15,6,test5,box,QN,long,regular,‘ά_“Ξ“Ϋ “¤Ϋ“¥γ“χ “Δ“_“_Ι‘άφ‘ά_.,images/QN_box_post.jpg,“¤Ϋ“¥γ΅Ϋ “γό ΅Ο“χ  “Δ“_‘΄_ “Ρ«“¤Ϋ “¥_“¥χ‘ά_.,no
462533,16-9 8:51:15,7,test8,bowling,NQ+,long,moreThan,‘ά_“Ξ“Ϋ ‘ψ_“γΟ“χ ‘__‘¤’¥Ϋ“_Ι‘άφ‘ά_.,images/NQ+_bowling_post.jpg,‘ψ_“γΟ΅Ϋ ‘γ_ ΅Ο “«“Δ“χ ‘__‘¤’¥Ϋ“γ ‘γχ“Π«‘Ο¬‘_Β“¤Ϋ “¥_“¥χ‘ά_.,yes
462533,16-9 8:51:15,8,test3,pencil,QN+,short,moreThan,‘ά_“Ξ“Ϋ “γΟ“Ρ΅“«“χ “Ρ΅’¥γ“_Ι‘άφ‘ά_.,images/QN+_pencil_post.jpg,“γΟ“Ρ΅“«΅Ϋ ‘γ_ ΅Ο “«“Δ“χ “Ρ΅’¥γ“γ “¥φ ‘¦Ϋ‘ΩΒ‘Ο¬‘Κό‘ά_.,no
462533,16-9 8:51:15,9,test2,paper,NQ,short,regular,‘ά_“Ξ“Ϋ “γΟ“Ο_“«“χ “ΆΙ“«“_Ι‘άφ‘ά_.,images/NQ_paper_post.jpg,“γΟ“Ο_“«΅Ϋ ‘γ_ “_΄“χ  “ΆΙ“«‘΄_ “¥φ µΒ__‘ά_.,yes
462533,16-9 8:51:15,10,test6,cup,NQ,long,regular,‘ά_“Ξ“Ϋ “_Κ“φχ“χ “Θµ“_Ι‘άφ‘ά_.,images/NQ_cup_post.jpg,“_Κ“φχ΅Ϋ ‘γ_ ΅Ο“χ  “Θµ“γ ‘Υ_“¤Τ“¤Ϋ “¥_“¥χ‘ά_.,yes
891247,16-9 10:50:44,1,training1,training1,,NA,NA,‘ά_“Ξ“Ϋ ‘ψ_“_Ϋ“«“χ “Κγ“άΟ“_© _΅“ό’χ¥“_Ι‘άφ‘ά_.,images/training001.jpg,‘ψ_“_Ϋ“«΅Ϋ ‘γ_ ΅Ο“χ  _΅“ό’χ¥“γ “Κγ“άΟ’¥« ‘ “¤Ϋ “¥_“¥χ‘ά_.,yes
891247,16-9 10:50:44,2,training2,training2,,NA,NA,‘ά_“Ξ“Ϋ ’¥χ“Ϋ“«“χ “¥Κ“γ‘‘Β_ _Κ“ΠΤ“«“_Ι‘άφ‘ά_.,images/training002.jpg,’¥χ“Ϋ“«΅Ϋ ‘Τ ‘¤φ‘_Β“χ  _Κ“ΠΤ“«‘΄_ “¥φ ’β_“_«‘ά_.,no
891247,16-9 10:50:44,3,test5,pencil,QN,long,regular,‘ά_“Ξ“Ϋ “£_“έ“«“χ “Ρ΅’¥γ“_Ι‘άφ‘ά_.,images/QN_pencil_post.jpg,“£_“έ“«΅Ϋ ‘γ_ ΅Ο“χ  “Ρ΅’¥γ“γ ‘¦Ϋ‘ΩΒ‘Ο¬‘_Β“¤Ϋ “¥_“¥χ‘ά_.,no
891247,16-9 10:50:44,4,test8,box,NQ+,long,moreThan,‘ά_“Ξ“Ϋ “¤Ϋ’χό“χ “Δ“_“_Ι‘άφ‘ά_.,images/NQ+_box_post.jpg,“¤Ϋ’χό΅Ϋ “γό ΅Ο “«“Δ“χ “Δ“_‘΄_ “Ρ«“¤Ϋ “¥_“¥χ‘ά_.,yes
891247,16-9 10:50:44,5,test7,paper,QN+,long,moreThan,‘ά_“Ξ“Ϋ “¤Ϋ“_΅“χ “ΆΙ“«“_Ι‘άφ‘ά_.,images/QN+_paper_post.jpg,“¤Ϋ“_΅΅Ϋ ‘γ_ “_΄ “«“Δ“χ “ΆΙ“«‘΄_ µΒό΅“¤Ϋ “¥_“¥χ‘ά_.,no
891247,16-9 10:50:44,6,test6,balloon,NQ,long,regular,‘ά_“Ξ“Ϋ ‘ψ_“γΟ“χ ’Υ“γΚ“_Ι‘άφ‘ά_.,images/NQ_balloon_post.jpg,‘ψ_“γΟ΅Ϋ “γό ΅Ο“χ  ’Υ“γΚ“γ ’γ΅’_ό‘_Β“¤Ϋ “¥_“¥χ‘ά_.,yes
891247,16-9 10:50:44,7,test2,triangle,NQ,short,regular,‘ά_“Ξ“Ϋ “γΟ“Ο_“«“χ “γό‘»¬“_Ι‘άφ‘ά_.,images/NQ_triangle_post.jpg,“γΟ“Ο_“«΅Ϋ “γό ΅Ο“χ  “γό‘»¬‘΄_ “¥φ “_Κ’Πφ‘ά_.,yes
891247,16-9 10:50:44,8,test1,bowling,QN,short,regular,‘ά_“Ξ“Ϋ “γΟ“Ρ΅“«“χ ‘__‘¤’¥Ϋ“_Ι‘άφ‘ά_.,images/QN_bowling_post.jpg,“γΟ“Ρ΅“«΅Ϋ ‘γ_ ΅Ο“χ  ‘__‘¤’¥Ϋ“γ “¥φ ‘γχ“Π«‘Ο¬‘Κό‘ά_.,no
891247,16-9 10:50:44,9,test3,book,QN+,short,moreThan,‘ά_“Ξ“Ϋ “_Κ“φχ“χ “±Ι“_Ι‘άφ‘ά_.,images/QN+_book_post.jpg,“_Κ“φχ΅Ϋ “γό ¦Ξ “«“Δ“χ “±Ι“γ “¥φ ’__“__‘ά_.,no
891247,16-9 10:50:44,10,test4,cup,NQ+,short,moreThan,‘ά_“Ξ“Ϋ “¤Ϋ“¥γ“χ “Θµ“_Ι‘άφ‘ά_.,images/NQ+_cup_post.jpg,“¤Ϋ“¥γ΅Ϋ ‘γ_ ΅Ο “«“Δ“χ “Θµ“γ “¥φ ‘Υ_“¤Τ“Ρφ‘ά_.,no
234727,16-9 12:57:52,1,training1,training1,,NA,NA,‘ά_“Ξ“Ϋ “_Κ“φχ“χ “Κγ“άΟ“_© _΅“ό’χ¥“_Ι‘άφ‘ά_.,images/training001.jpg,“_Κ“φχ΅Ϋ ‘γ_ ΅Ο“χ  _΅“ό’χ¥“γ “Κγ“άΟ’¥« ‘ “¤Ϋ “¥_“¥χ‘ά_.,yes
234727,16-9 12:57:52,2,training2,training2,,NA,NA,‘ά_“Ξ“Ϋ “γΟ“Ο_“«“χ “¥Κ“γ‘‘Β_ _Κ“ΠΤ“«“_Ι‘άφ‘ά_.,images/training002.jpg,“γΟ“Ο_“«΅Ϋ ‘Τ ‘¤φ‘_Β“χ  _Κ“ΠΤ“«‘΄_ “¥φ ’β_“_«‘ά_.,no
234727,16-9 12:57:52,3,test6,pencil,NQ,long,regular,‘ά_“Ξ“Ϋ “¤Ϋ“¥γ“χ “Ρ΅’¥γ“_Ι‘άφ‘ά_.,images/NQ_pencil_post.jpg,“¤Ϋ“¥γ΅Ϋ ‘γ_ ΅Ο“χ  “Ρ΅’¥γ“γ ‘¦Ϋ‘ΩΒ‘Ο¬‘_Β“¤Ϋ “¥_“¥χ‘ά_.,yes
234727,16-9 12:57:52,4,test8,box,NQ+,long,moreThan,‘ά_“Ξ“Ϋ “γΟ“Ρ΅“«“χ “Δ“_“_Ι‘άφ‘ά_.,images/NQ+_box_post.jpg,“γΟ“Ρ΅“«΅Ϋ “γό ΅Ο “«“Δ“χ “Δ“_‘΄_ “Ρ«“¤Ϋ “¥_“¥χ‘ά_.,no
234727,16-9 12:57:52,5,test5,paper,QN,long,regular,‘ά_“Ξ“Ϋ “£_“έ“«“χ “ΆΙ“«“_Ι‘άφ‘ά_.,images/QN_paper_post.jpg,“£_“έ“«΅Ϋ ‘γ_ “_΄“χ  “ΆΙ“«‘΄_ µΒό΅“¤Ϋ “¥_“¥χ‘ά_.,yes
234727,16-9 12:57:52,6,test7,triangle,QN+,long,moreThan,‘ά_“Ξ“Ϋ ’¥χ“Ϋ“«“χ “γό‘»¬“_Ι‘άφ‘ά_.,images/QN+_triangle_post.jpg,’¥χ“Ϋ“«΅Ϋ “γό ΅Ο “«“Δ“χ “γό‘»¬‘΄_ “_Κ’¥χ“¤Ϋ “¥_“¥χ‘ά_.,no
234727,16-9 12:57:52,7,test2,book,NQ,short,regular,‘ά_“Ξ“Ϋ ‘ψ_“_Ϋ“«“χ “±Ι“_Ι‘άφ‘ά_.,images/NQ_book_post.jpg,‘ψ_“_Ϋ“«΅Ϋ “γό ¦Ξ“χ  “±Ι“γ “¥φ ’__“__‘ά_.,yes
234727,16-9 12:57:52,8,test4,balloon,NQ+,short,moreThan,‘ά_“Ξ“Ϋ “¤Ϋ“_΅“χ ’Υ“γΚ“_Ι‘άφ‘ά_.,images/NQ+_balloon_post.jpg,“¤Ϋ“_΅΅Ϋ “γό ΅Ο “«“Δ“χ ’Υ“γΚ“γ “¥φ ’γ΅’_ό‘Κό‘ά_.,yes
234727,16-9 12:57:52,9,test1,bowling,QN,short,regular,‘ά_“Ξ“Ϋ ‘ψ_“γΟ“χ ‘__‘¤’¥Ϋ“_Ι‘άφ‘ά_.,images/QN_bowling_post.jpg,‘ψ_“γΟ΅Ϋ ‘γ_ ΅Ο“χ  ‘__‘¤’¥Ϋ“γ “¥φ ‘γχ“Π«‘Ο¬‘Κό‘ά_.,yes
234727,16-9 12:57:52,10,test3,cup,QN+,short,moreThan,‘ά_“Ξ“Ϋ “¤Ϋ’χό“χ “Θµ“_Ι‘άφ‘ά_.,images/QN+_cup_post.jpg,“¤Ϋ’χό΅Ϋ ‘γ_ ΅Ο “«“Δ“χ “Θµ“γ “¥φ ‘Υ_“¤Τ“Ρφ‘ά_.,yes
864633,16-9 14:2:17,1,training1,training1,,NA,NA,‘ά_“Ξ“Ϋ “¤Ϋ“_΅“χ “Κγ“άΟ“_© _΅“ό’χ¥“_Ι‘άφ‘ά_.,images/training001.jpg,“¤Ϋ“_΅΅Ϋ ‘γ_ ΅Ο“χ  _΅“ό’χ¥“γ “Κγ“άΟ’¥« ‘ “¤Ϋ “¥_“¥χ‘ά_.,yes
864633,16-9 14:2:17,2,training2,training2,,NA,NA,‘ά_“Ξ“Ϋ “¤Ϋ“¥γ“χ “¥Κ“γ‘‘Β_ _Κ“ΠΤ“«“_Ι‘άφ‘ά_.,images/training002.jpg,“¤Ϋ“¥γ΅Ϋ ‘Τ ‘¤φ‘_Β“χ  _Κ“ΠΤ“«‘΄_ “¥φ ’β_“_«‘ά_.,no
864633,16-9 14:2:17,3,test6,cup,NQ,long,regular,‘ά_“Ξ“Ϋ “γΟ“Ο_“«“χ “Θµ“_Ι‘άφ‘ά_.,images/NQ_cup_post.jpg,“γΟ“Ο_“«΅Ϋ ‘γ_ ΅Ο“χ  “Θµ“γ ‘Υ_“¤Τ“¤Ϋ “¥_“¥χ‘ά_.,yes
864633,16-9 14:2:17,4,test7,triangle,QN+,long,moreThan,‘ά_“Ξ“Ϋ “γΟ“Ρ΅“«“χ “γό‘»¬“_Ι‘άφ‘ά_.,images/QN+_triangle_post.jpg,“γΟ“Ρ΅“«΅Ϋ “γό ΅Ο “«“Δ“χ “γό‘»¬‘΄_ “_Κ’¥χ“¤Ϋ “¥_“¥χ‘ά_.,no
864633,16-9 14:2:17,5,test8,balloon,NQ+,long,moreThan,‘ά_“Ξ“Ϋ ’¥χ“Ϋ“«“χ ’Υ“γΚ“_Ι‘άφ‘ά_.,images/NQ+_balloon_post.jpg,’¥χ“Ϋ“«΅Ϋ “γό ΅Ο “«“Δ“χ ’Υ“γΚ“γ ’γ΅’_ό‘_Β“¤Ϋ “¥_“¥χ‘ά_.,yes
864633,16-9 14:2:17,6,test3,box,QN+,short,moreThan,‘ά_“Ξ“Ϋ ‘ψ_“γΟ“χ “Δ“_“_Ι‘άφ‘ά_.,images/QN+_box_post.jpg,‘ψ_“γΟ΅Ϋ “γό ΅Ο “«“Δ“χ “Δ“_‘΄_ “¥φ “Ρ«“Ρφ‘ά_.,no
864633,16-9 14:2:17,7,test4,bowling,NQ+,short,moreThan,‘ά_“Ξ“Ϋ “£_“έ“«“χ ‘__‘¤’¥Ϋ“_Ι‘άφ‘ά_.,images/NQ+_bowling_post.jpg,“£_“έ“«΅Ϋ ‘γ_ ΅Ο “«“Δ“χ ‘__‘¤’¥Ϋ“γ “¥φ ‘γχ“Π«‘Ο¬‘Κό‘ά_.,yes
864633,16-9 14:2:17,9,test1,paper,QN,short,regular,‘ά_“Ξ“Ϋ “_Κ“φχ“χ “ΆΙ“«“_Ι‘άφ‘ά_.,images/QN_paper_post.jpg,“_Κ“φχ΅Ϋ ‘γ_ “_΄“χ  “ΆΙ“«‘΄_ “¥φ µΒ__‘ά_.,no
864633,16-9 14:2:17,10,test2,pencil,NQ,short,regular,‘ά_“Ξ“Ϋ “¤Ϋ’χό“χ “Ρ΅’¥γ“_Ι‘άφ‘ά_.,images/NQ_pencil_post.jpg,“¤Ϋ’χό΅Ϋ ‘γ_ ΅Ο“χ  “Ρ΅’¥γ“γ “¥φ ‘¦Ϋ‘ΩΒ‘Ο¬‘Κό‘ά_.,no
435252,16-9 19:1:56,1,training1,training1,,NA,NA,‘ά_“Ξ“Ϋ ’¥χ“Ϋ“«“χ “Κγ“άΟ“_© _΅“ό’χ¥“_Ι‘άφ‘ά_.,images/training001.jpg,’¥χ“Ϋ“«΅Ϋ ‘γ_ ΅Ο“χ  _΅“ό’χ¥“γ “Κγ“άΟ’¥« ‘ “¤Ϋ “¥_“¥χ‘ά_.,no
435252,16-9 19:1:56,2,training2,training2,,NA,NA,‘ά_“Ξ“Ϋ “¤Ϋ“_΅“χ “¥Κ“γ‘‘Β_ _Κ“ΠΤ“«“_Ι‘άφ‘ά_.,images/training002.jpg,“¤Ϋ“_΅΅Ϋ ‘Τ ‘¤φ‘_Β“χ  _Κ“ΠΤ“«‘΄_ “¥φ ’β_“_«‘ά_.,no
435252,16-9 19:1:56,3,test7,triangle,QN+,long,moreThan,‘ά_“Ξ“Ϋ “¤Ϋ’χό“χ “γό‘»¬“_Ι‘άφ‘ά_.,images/QN+_triangle_post.jpg,“¤Ϋ’χό΅Ϋ “γό ΅Ο “«“Δ“χ “γό‘»¬‘΄_ “_Κ’¥χ“¤Ϋ “¥_“¥χ‘ά_.,no
435252,16-9 19:1:56,4,test2,bowling,NQ,short,regular,‘ά_“Ξ“Ϋ “γΟ“Ρ΅“«“χ ‘__‘¤’¥Ϋ“_Ι‘άφ‘ά_.,images/NQ_bowling_post.jpg,“γΟ“Ρ΅“«΅Ϋ ‘γ_ ΅Ο“χ  ‘__‘¤’¥Ϋ“γ “¥φ ‘γχ“Π«‘Ο¬‘Κό‘ά_.,yes
435252,16-9 19:1:56,5,test3,pencil,QN+,short,moreThan,‘ά_“Ξ“Ϋ “¤Ϋ“¥γ“χ “Ρ΅’¥γ“_Ι‘άφ‘ά_.,images/QN+_pencil_post.jpg,“¤Ϋ“¥γ΅Ϋ ‘γ_ ΅Ο “«“Δ“χ “Ρ΅’¥γ“γ “¥φ ‘¦Ϋ‘ΩΒ‘Ο¬‘Κό‘ά_.,no
435252,16-9 19:1:56,6,test6,balloon,NQ,long,regular,‘ά_“Ξ“Ϋ “γΟ“Ο_“«“χ ’Υ“γΚ“_Ι‘άφ‘ά_.,images/NQ_balloon_post.jpg,“γΟ“Ο_“«΅Ϋ “γό ΅Ο“χ  ’Υ“γΚ“γ ’γ΅’_ό‘_Β“¤Ϋ “¥_“¥χ‘ά_.,yes
435252,16-9 19:1:56,7,test8,box,NQ+,long,moreThan,‘ά_“Ξ“Ϋ “£_“έ“«“χ “Δ“_“_Ι‘άφ‘ά_.,images/NQ+_box_post.jpg,“£_“έ“«΅Ϋ “γό ΅Ο “«“Δ“χ “Δ“_‘΄_ “Ρ«“¤Ϋ “¥_“¥χ‘ά_.,yes
435252,16-9 19:1:56,8,test5,cup,QN,long,regular,‘ά_“Ξ“Ϋ “_Κ“φχ“χ “Θµ“_Ι‘άφ‘ά_.,images/QN_cup_post.jpg,“_Κ“φχ΅Ϋ ‘γ_ ΅Ο“χ  “Θµ“γ ‘Υ_“¤Τ“¤Ϋ “¥_“¥χ‘ά_.,no
435252,16-9 19:1:56,9,test4,paper,NQ+,short,moreThan,‘ά_“Ξ“Ϋ ‘ψ_“γΟ“χ “ΆΙ“«“_Ι‘άφ‘ά_.,images/NQ+_paper_post.jpg,‘ψ_“γΟ΅Ϋ ‘γ_ “_΄ “«“Δ“χ “ΆΙ“«‘΄_ “¥φ µΒ__‘ά_.,yes
435252,16-9 19:1:56,10,test1,book,QN,short,regular,‘ά_“Ξ“Ϋ ‘ψ_“_Ϋ“«“χ “±Ι“_Ι‘άφ‘ά_.,images/QN_book_post.jpg,‘ψ_“_Ϋ“«΅Ϋ “γό ¦Ξ“χ  “±Ι“γ “¥φ ’__“__‘ά_.,yes
110190,16-9 23:59:56,1,training1,training1,,NA,NA,‘ά_“Ξ“Ϋ “¤Ϋ“¥γ“χ “Κγ“άΟ“_© _΅“ό’χ¥“_Ι‘άφ‘ά_.,images/training001.jpg,“¤Ϋ“¥γ΅Ϋ ‘γ_ ΅Ο“χ  _΅“ό’χ¥“γ “Κγ“άΟ’¥« ‘ “¤Ϋ “¥_“¥χ‘ά_.,yes
110190,16-9 23:59:56,2,training2,training2,,NA,NA,‘ά_“Ξ“Ϋ “£_“έ“«“χ “¥Κ“γ‘‘Β_ _Κ“ΠΤ“«“_Ι‘άφ‘ά_.,images/training002.jpg,“£_“έ“«΅Ϋ ‘Τ ‘¤φ‘_Β“χ  _Κ“ΠΤ“«‘΄_ “¥φ ’β_“_«‘ά_.,no
110190,16-9 23:59:56,3,test4,pencil,NQ+,short,moreThan,‘ά_“Ξ“Ϋ “γΟ“Ο_“«“χ “Ρ΅’¥γ“_Ι‘άφ‘ά_.,images/NQ+_pencil_post.jpg,“γΟ“Ο_“«΅Ϋ ‘γ_ ΅Ο “«“Δ“χ “Ρ΅’¥γ“γ “¥φ ‘¦Ϋ‘ΩΒ‘Ο¬‘Κό‘ά_.,yes
110190,16-9 23:59:56,4,test5,bowling,QN,long,regular,‘ά_“Ξ“Ϋ ‘ψ_“γΟ“χ ‘__‘¤’¥Ϋ“_Ι‘άφ‘ά_.,images/QN_bowling_post.jpg,‘ψ_“γΟ΅Ϋ ‘γ_ ΅Ο“χ  ‘__‘¤’¥Ϋ“γ ‘γχ“Π«‘Ο¬‘_Β“¤Ϋ “¥_“¥χ‘ά_.,no
110190,16-9 23:59:56,5,test1,cup,QN,short,regular,‘ά_“Ξ“Ϋ ’¥χ“Ϋ“«“χ “Θµ“_Ι‘άφ‘ά_.,images/QN_cup_post.jpg,’¥χ“Ϋ“«΅Ϋ ‘γ_ ΅Ο“χ  “Θµ“γ “¥φ ‘Υ_“¤Τ“Ρφ‘ά_.,yes
110190,16-9 23:59:56,6,test3,book,QN+,short,moreThan,‘ά_“Ξ“Ϋ ‘ψ_“_Ϋ“«“χ “±Ι“_Ι‘άφ‘ά_.,images/QN+_book_post.jpg,‘ψ_“_Ϋ“«΅Ϋ “γό ¦Ξ “«“Δ“χ “±Ι“γ “¥φ ’__“__‘ά_.,yes
110190,16-9 23:59:56,7,test7,box,QN+,long,moreThan,‘ά_“Ξ“Ϋ “γΟ“Ρ΅“«“χ “Δ“_“_Ι‘άφ‘ά_.,images/QN+_box_post.jpg,“γΟ“Ρ΅“«΅Ϋ “γό ΅Ο “«“Δ“χ “Δ“_‘΄_ “Ρ«“¤Ϋ “¥_“¥χ‘ά_.,yes
110190,16-9 23:59:56,8,test2,balloon,NQ,short,regular,‘ά_“Ξ“Ϋ “¤Ϋ“_΅“χ ’Υ“γΚ“_Ι‘άφ‘ά_.,images/NQ_balloon_post.jpg,“¤Ϋ“_΅΅Ϋ “γό ΅Ο“χ  ’Υ“γΚ“γ “¥φ ’γ΅’_ό‘Κό‘ά_.,yes
110190,16-9 23:59:56,9,test8,triangle,NQ+,long,moreThan,‘ά_“Ξ“Ϋ “_Κ“φχ“χ “γό‘»¬“_Ι‘άφ‘ά_.,images/NQ+_triangle_post.jpg,“_Κ“φχ΅Ϋ “γό ΅Ο “«“Δ“χ “γό‘»¬‘΄_ “_Κ’¥χ“¤Ϋ “¥_“¥χ‘ά_.,yes
110190,16-9 23:59:56,10,test6,paper,NQ,long,regular,‘ά_“Ξ“Ϋ “¤Ϋ’χό“χ “ΆΙ“«“_Ι‘άφ‘ά_.,images/NQ_paper_post.jpg,“¤Ϋ’χό΅Ϋ ‘γ_ “_΄“χ  “ΆΙ“«‘΄_ µΒό΅“¤Ϋ “¥_“¥χ‘ά_.,yes
390507,17-9 3:44:42,1,training1,training1,,NA,NA,‘ά_“Ξ“Ϋ ‘ψ_“_Ϋ“«“χ “Κγ“άΟ“_© _΅“ό’χ¥“_Ι‘άφ‘ά_.,images/training001.jpg,‘ψ_“_Ϋ“«΅Ϋ ‘γ_ ΅Ο“χ  _΅“ό’χ¥“γ “Κγ“άΟ’¥« ‘ “¤Ϋ “¥_“¥χ‘ά_.,yes
390507,17-9 3:44:42,2,training2,training2,,NA,NA,‘ά_“Ξ“Ϋ ‘ψ_“γΟ“χ “¥Κ“γ‘‘Β_ _Κ“ΠΤ“«“_Ι‘άφ‘ά_.,images/training002.jpg,‘ψ_“γΟ΅Ϋ ‘Τ ‘¤φ‘_Β“χ  _Κ“ΠΤ“«‘΄_ “¥φ ’β_“_«‘ά_.,no
390507,17-9 3:44:42,3,test4,paper,NQ+,short,moreThan,‘ά_“Ξ“Ϋ “¤Ϋ’χό“χ “ΆΙ“«“_Ι‘άφ‘ά_.,images/NQ+_paper_post.jpg,“¤Ϋ’χό΅Ϋ ‘γ_ “_΄ “«“Δ“χ “ΆΙ“«‘΄_ “¥φ µΒ__‘ά_.,no
390507,17-9 3:44:42,4,test8,cup,NQ+,long,moreThan,‘ά_“Ξ“Ϋ “γΟ“Ρ΅“«“χ “Θµ“_Ι‘άφ‘ά_.,images/NQ+_cup_post.jpg,“γΟ“Ρ΅“«΅Ϋ ‘γ_ ΅Ο “«“Δ“χ “Θµ“γ ‘Υ_“¤Τ“¤Ϋ “¥_“¥χ‘ά_.,no
390507,17-9 3:44:42,5,test6,balloon,NQ,long,regular,‘ά_“Ξ“Ϋ “£_“έ“«“χ ’Υ“γΚ“_Ι‘άφ‘ά_.,images/NQ_balloon_post.jpg,“£_“έ“«΅Ϋ “γό ΅Ο“χ  ’Υ“γΚ“γ ’γ΅’_ό‘_Β“¤Ϋ “¥_“¥χ‘ά_.,yes
390507,17-9 3:44:42,6,test7,box,QN+,long,moreThan,‘ά_“Ξ“Ϋ “_Κ“φχ“χ “Δ“_“_Ι‘άφ‘ά_.,images/QN+_box_post.jpg,“_Κ“φχ΅Ϋ “γό ΅Ο “«“Δ“χ “Δ“_‘΄_ “Ρ«“¤Ϋ “¥_“¥χ‘ά_.,yes
390507,17-9 3:44:42,7,test2,triangle,NQ,short,regular,‘ά_“Ξ“Ϋ “¤Ϋ“¥γ“χ “γό‘»¬“_Ι‘άφ‘ά_.,images/NQ_triangle_post.jpg,“¤Ϋ“¥γ΅Ϋ “γό ΅Ο“χ  “γό‘»¬‘΄_ “¥φ “_Κ’Πφ‘ά_.,no
390507,17-9 3:44:42,8,test5,bowling,QN,long,regular,‘ά_“Ξ“Ϋ “γΟ“Ο_“«“χ ‘__‘¤’¥Ϋ“_Ι‘άφ‘ά_.,images/QN_bowling_post.jpg,“γΟ“Ο_“«΅Ϋ ‘γ_ ΅Ο“χ  ‘__‘¤’¥Ϋ“γ ‘γχ“Π«‘Ο¬‘_Β“¤Ϋ “¥_“¥χ‘ά_.,yes
390507,17-9 3:44:42,9,test3,book,QN+,short,moreThan,‘ά_“Ξ“Ϋ “¤Ϋ“_΅“χ “±Ι“_Ι‘άφ‘ά_.,images/QN+_book_post.jpg,“¤Ϋ“_΅΅Ϋ “γό ¦Ξ “«“Δ“χ “±Ι“γ “¥φ ’__“__‘ά_.,yes
390507,17-9 3:44:42,10,test1,pencil,QN,short,regular,‘ά_“Ξ“Ϋ ’¥χ“Ϋ“«“χ “Ρ΅’¥γ“_Ι‘άφ‘ά_.,images/QN_pencil_post.jpg,’¥χ“Ϋ“«΅Ϋ ‘γ_ ΅Ο“χ  “Ρ΅’¥γ“γ “¥φ ‘¦Ϋ‘ΩΒ‘Ο¬‘Κό‘ά_.,yes
984782,17-9 18:10:26,1,training1,training1,,NA,NA,‘ά_“Ξ“Ϋ “¤Ϋ’χό“χ “Κγ“άΟ“_© _΅“ό’χ¥“_Ι‘άφ‘ά_.,images/training001.jpg,“¤Ϋ’χό΅Ϋ ‘γ_ ΅Ο“χ  _΅“ό’χ¥“γ “Κγ“άΟ’¥« ‘ “¤Ϋ “¥_“¥χ‘ά_.,yes
984782,17-9 18:10:26,2,training2,training2,,NA,NA,‘ά_“Ξ“Ϋ ‘ψ_“_Ϋ“«“χ “¥Κ“γ‘‘Β_ _Κ“ΠΤ“«“_Ι‘άφ‘ά_.,images/training002.jpg,‘ψ_“_Ϋ“«΅Ϋ ‘Τ ‘¤φ‘_Β“χ  _Κ“ΠΤ“«‘΄_ “¥φ ’β_“_«‘ά_.,no
984782,17-9 18:10:26,3,test7,paper,QN+,long,moreThan,‘ά_“Ξ“Ϋ “£_“έ“«“χ “ΆΙ“«“_Ι‘άφ‘ά_.,images/QN+_paper_post.jpg,“£_“έ“«΅Ϋ ‘γ_ “_΄ “«“Δ“χ “ΆΙ“«‘΄_ µΒό΅“¤Ϋ “¥_“¥χ‘ά_.,no
984782,17-9 18:10:26,4,test5,bowling,QN,long,regular,‘ά_“Ξ“Ϋ ‘ψ_“γΟ“χ ‘__‘¤’¥Ϋ“_Ι‘άφ‘ά_.,images/QN_bowling_post.jpg,‘ψ_“γΟ΅Ϋ ‘γ_ ΅Ο“χ  ‘__‘¤’¥Ϋ“γ ‘γχ“Π«‘Ο¬‘_Β“¤Ϋ “¥_“¥χ‘ά_.,no
984782,17-9 18:10:26,5,test1,book,QN,short,regular,‘ά_“Ξ“Ϋ “γΟ“Ο_“«“χ “±Ι“_Ι‘άφ‘ά_.,images/QN_book_post.jpg,“γΟ“Ο_“«΅Ϋ “γό ¦Ξ“χ  “±Ι“γ “¥φ ’__“__‘ά_.,yes
984782,17-9 18:10:26,6,test6,balloon,NQ,long,regular,‘ά_“Ξ“Ϋ “¤Ϋ“_΅“χ ’Υ“γΚ“_Ι‘άφ‘ά_.,images/NQ_balloon_post.jpg,“¤Ϋ“_΅΅Ϋ “γό ΅Ο“χ  ’Υ“γΚ“γ ’γ΅’_ό‘_Β“¤Ϋ “¥_“¥χ‘ά_.,yes
984782,17-9 18:10:26,7,test3,box,QN+,short,moreThan,‘ά_“Ξ“Ϋ ’¥χ“Ϋ“«“χ “Δ“_“_Ι‘άφ‘ά_.,images/QN+_box_post.jpg,’¥χ“Ϋ“«΅Ϋ “γό ΅Ο “«“Δ“χ “Δ“_‘΄_ “¥φ “Ρ«“Ρφ‘ά_.,yes
984782,17-9 18:10:26,8,test2,pencil,NQ,short,regular,‘ά_“Ξ“Ϋ “γΟ“Ρ΅“«“χ “Ρ΅’¥γ“_Ι‘άφ‘ά_.,images/NQ_pencil_post.jpg,“γΟ“Ρ΅“«΅Ϋ ‘γ_ ΅Ο“χ  “Ρ΅’¥γ“γ “¥φ ‘¦Ϋ‘ΩΒ‘Ο¬‘Κό‘ά_.,yes
984782,17-9 18:10:26,9,test8,cup,NQ+,long,moreThan,‘ά_“Ξ“Ϋ “¤Ϋ“¥γ“χ “Θµ“_Ι‘άφ‘ά_.,images/NQ+_cup_post.jpg,“¤Ϋ“¥γ΅Ϋ ‘γ_ ΅Ο “«“Δ“χ “Θµ“γ ‘Υ_“¤Τ“¤Ϋ “¥_“¥χ‘ά_.,no
984782,17-9 18:10:26,10,test4,triangle,NQ+,short,moreThan,‘ά_“Ξ“Ϋ “_Κ“φχ“χ “γό‘»¬“_Ι‘άφ‘ά_.,images/NQ+_triangle_post.jpg,“_Κ“φχ΅Ϋ “γό ΅Ο “«“Δ“χ “γό‘»¬‘΄_ “¥φ “_Κ’Πφ‘ά_.,yes
162646,17-9 11:4:25,1,training1,training1,,NA,NA,‘ά_“Ξ“Ϋ ’¥χ“Ϋ“«“χ “Κγ“άΟ“_© _΅“ό’χ¥“_Ι‘άφ‘ά_.,images/training001.jpg,’¥χ“Ϋ“«΅Ϋ ‘γ_ ΅Ο“χ  _΅“ό’χ¥“γ “Κγ“άΟ’¥« ‘ “¤Ϋ “¥_“¥χ‘ά_.,yes
162646,17-9 11:4:25,2,training2,training2,,NA,NA,‘ά_“Ξ“Ϋ ‘ψ_“_Ϋ“«“χ “¥Κ“γ‘‘Β_ _Κ“ΠΤ“«“_Ι‘άφ‘ά_.,images/training002.jpg,‘ψ_“_Ϋ“«΅Ϋ ‘Τ ‘¤φ‘_Β“χ  _Κ“ΠΤ“«‘΄_ “¥φ ’β_“_«‘ά_.,no
162646,17-9 11:4:25,3,test4,book,NQ+,short,moreThan,‘ά_“Ξ“Ϋ “£_“έ“«“χ “±Ι“_Ι‘άφ‘ά_.,images/NQ+_book_post.jpg,“£_“έ“«΅Ϋ “γό ¦Ξ “«“Δ“χ “±Ι“γ “¥φ ’__“__‘ά_.,yes
162646,17-9 11:4:25,4,test1,balloon,QN,short,regular,‘ά_“Ξ“Ϋ “¤Ϋ“¥γ“χ ’Υ“γΚ“_Ι‘άφ‘ά_.,images/QN_balloon_post.jpg,“¤Ϋ“¥γ΅Ϋ “γό ΅Ο“χ  ’Υ“γΚ“γ “¥φ ’γ΅’_ό‘Κό‘ά_.,no
162646,17-9 11:4:25,5,test6,triangle,NQ,long,regular,‘ά_“Ξ“Ϋ “¤Ϋ’χό“χ “γό‘»¬“_Ι‘άφ‘ά_.,images/NQ_triangle_post.jpg,“¤Ϋ’χό΅Ϋ “γό ΅Ο“χ  “γό‘»¬‘΄_ “_Κ’¥χ“¤Ϋ “¥_“¥χ‘ά_.,yes
162646,17-9 11:4:25,6,test3,pencil,QN+,short,moreThan,‘ά_“Ξ“Ϋ “γΟ“Ρ΅“«“χ “Ρ΅’¥γ“_Ι‘άφ‘ά_.,images/QN+_pencil_post.jpg,“γΟ“Ρ΅“«΅Ϋ ‘γ_ ΅Ο “«“Δ“χ “Ρ΅’¥γ“γ “¥φ ‘¦Ϋ‘ΩΒ‘Ο¬‘Κό‘ά_.,no
162646,17-9 11:4:25,7,test7,paper,QN+,long,moreThan,‘ά_“Ξ“Ϋ “¤Ϋ“_΅“χ “ΆΙ“«“_Ι‘άφ‘ά_.,images/QN+_paper_post.jpg,“¤Ϋ“_΅΅Ϋ ‘γ_ “_΄ “«“Δ“χ “ΆΙ“«‘΄_ µΒό΅“¤Ϋ “¥_“¥χ‘ά_.,no
162646,17-9 11:4:25,8,test2,bowling,NQ,short,regular,‘ά_“Ξ“Ϋ ‘ψ_“γΟ“χ ‘__‘¤’¥Ϋ“_Ι‘άφ‘ά_.,images/NQ_bowling_post.jpg,‘ψ_“γΟ΅Ϋ ‘γ_ ΅Ο“χ  ‘__‘¤’¥Ϋ“γ “¥φ ‘γχ“Π«‘Ο¬‘Κό‘ά_.,no
162646,17-9 11:4:25,9,test5,cup,QN,long,regular,‘ά_“Ξ“Ϋ “γΟ“Ο_“«“χ “Θµ“_Ι‘άφ‘ά_.,images/QN_cup_post.jpg,“γΟ“Ο_“«΅Ϋ ‘γ_ ΅Ο“χ  “Θµ“γ ‘Υ_“¤Τ“¤Ϋ “¥_“¥χ‘ά_.,no
162646,17-9 11:4:25,10,test8,box,NQ+,long,moreThan,‘ά_“Ξ“Ϋ “_Κ“φχ“χ “Δ“_“_Ι‘άφ‘ά_.,images/NQ+_box_post.jpg,“_Κ“φχ΅Ϋ “γό ΅Ο “«“Δ“χ “Δ“_‘΄_ “Ρ«“¤Ϋ “¥_“¥χ‘ά_.,yes
964925,18-9 19:53:39,1,training1,training1,,NA,NA,‘ά_“Ξ“Ϋ “¤Ϋ’χό“χ “Κγ“άΟ“_© _΅“ό’χ¥“_Ι‘άφ‘ά_.,images/training001.jpg,“¤Ϋ’χό΅Ϋ ‘γ_ ΅Ο“χ  _΅“ό’χ¥“γ “Κγ“άΟ’¥« ‘ “¤Ϋ “¥_“¥χ‘ά_.,yes
964925,18-9 19:53:39,2,training2,training2,,NA,NA,‘ά_“Ξ“Ϋ “£_“έ“«“χ “¥Κ“γ‘‘Β_ _Κ“ΠΤ“«“_Ι‘άφ‘ά_.,images/training002.jpg,“£_“έ“«΅Ϋ ‘Τ ‘¤φ‘_Β“χ  _Κ“ΠΤ“«‘΄_ “¥φ ’β_“_«‘ά_.,no
964925,18-9 19:53:39,3,test2,balloon,NQ,short,regular,‘ά_“Ξ“Ϋ ‘ψ_“γΟ“χ ’Υ“γΚ“_Ι‘άφ‘ά_.,images/NQ_balloon_post.jpg,‘ψ_“γΟ΅Ϋ “γό ΅Ο“χ  ’Υ“γΚ“γ “¥φ ’γ΅’_ό‘Κό‘ά_.,yes
964925,18-9 19:53:39,4,test4,triangle,NQ+,short,moreThan,‘ά_“Ξ“Ϋ “¤Ϋ“¥γ“χ “γό‘»¬“_Ι‘άφ‘ά_.,images/NQ+_triangle_post.jpg,“¤Ϋ“¥γ΅Ϋ “γό ΅Ο “«“Δ“χ “γό‘»¬‘΄_ “¥φ “_Κ’Πφ‘ά_.,yes
964925,18-9 19:53:39,5,test5,paper,QN,long,regular,‘ά_“Ξ“Ϋ “γΟ“Ρ΅“«“χ “ΆΙ“«“_Ι‘άφ‘ά_.,images/QN_paper_post.jpg,“γΟ“Ρ΅“«΅Ϋ ‘γ_ “_΄“χ  “ΆΙ“«‘΄_ µΒό΅“¤Ϋ “¥_“¥χ‘ά_.,no
964925,18-9 19:53:39,6,test3,box,QN+,short,moreThan,‘ά_“Ξ“Ϋ ‘ψ_“_Ϋ“«“χ “Δ“_“_Ι‘άφ‘ά_.,images/QN+_box_post.jpg,‘ψ_“_Ϋ“«΅Ϋ “γό ΅Ο “«“Δ“χ “Δ“_‘΄_ “¥φ “Ρ«“Ρφ‘ά_.,yes
964925,18-9 19:53:39,7,test8,book,NQ+,long,moreThan,‘ά_“Ξ“Ϋ “¤Ϋ“_΅“χ “±Ι“_Ι‘άφ‘ά_.,images/NQ+_book_post.jpg,“¤Ϋ“_΅΅Ϋ “γό ¦Ξ “«“Δ“χ “±Ι“γ ’__“_χ“¤Ϋ “¥_“¥χ‘ά_.,no
964925,18-9 19:53:39,8,test6,bowling,NQ,long,regular,‘ά_“Ξ“Ϋ ’¥χ“Ϋ“«“χ ‘__‘¤’¥Ϋ“_Ι‘άφ‘ά_.,images/NQ_bowling_post.jpg,’¥χ“Ϋ“«΅Ϋ ‘γ_ ΅Ο“χ  ‘__‘¤’¥Ϋ“γ ‘γχ“Π«‘Ο¬‘_Β“¤Ϋ “¥_“¥χ‘ά_.,yes
964925,18-9 19:53:39,9,test1,cup,QN,short,regular,‘ά_“Ξ“Ϋ “γΟ“Ο_“«“χ “Θµ“_Ι‘άφ‘ά_.,images/QN_cup_post.jpg,“γΟ“Ο_“«΅Ϋ ‘γ_ ΅Ο“χ  “Θµ“γ “¥φ ‘Υ_“¤Τ“Ρφ‘ά_.,no
964925,18-9 19:53:39,10,test7,pencil,QN+,long,moreThan,‘ά_“Ξ“Ϋ “_Κ“φχ“χ “Ρ΅’¥γ“_Ι‘άφ‘ά_.,images/QN+_pencil_post.jpg,“_Κ“φχ΅Ϋ ‘γ_ ΅Ο “«“Δ“χ “Ρ΅’¥γ“γ ‘¦Ϋ‘ΩΒ‘Ο¬‘_Β“¤Ϋ “¥_“¥χ‘ά_.,yes
770422,19-9 22:33:45,1,training1,training1,,NA,NA,‘ά_“Ξ“Ϋ “γΟ“Ρ΅“«“χ “Κγ“άΟ“_© _΅“ό’χ¥“_Ι‘άφ‘ά_.,images/training001.jpg,“γΟ“Ρ΅“«΅Ϋ ‘γ_ ΅Ο“χ  _΅“ό’χ¥“γ “Κγ“άΟ’¥« ‘ “¤Ϋ “¥_“¥χ‘ά_.,yes
770422,19-9 22:33:45,2,training2,training2,,NA,NA,‘ά_“Ξ“Ϋ “_Κ“φχ“χ “¥Κ“γ‘‘Β_ _Κ“ΠΤ“«“_Ι‘άφ‘ά_.,images/training002.jpg,“_Κ“φχ΅Ϋ ‘Τ ‘¤φ‘_Β“χ  _Κ“ΠΤ“«‘΄_ “¥φ ’β_“_«‘ά_.,no
770422,19-9 22:33:45,3,test6,pencil,NQ,long,regular,‘ά_“Ξ“Ϋ ‘ψ_“_Ϋ“«“χ “Ρ΅’¥γ“_Ι‘άφ‘ά_.,images/NQ_pencil_post.jpg,‘ψ_“_Ϋ“«΅Ϋ ‘γ_ ΅Ο“χ  “Ρ΅’¥γ“γ ‘¦Ϋ‘ΩΒ‘Ο¬‘_Β“¤Ϋ “¥_“¥χ‘ά_.,yes
770422,19-9 22:33:45,4,test3,book,QN+,short,moreThan,‘ά_“Ξ“Ϋ “£_“έ“«“χ “±Ι“_Ι‘άφ‘ά_.,images/QN+_book_post.jpg,“£_“έ“«΅Ϋ “γό ¦Ξ “«“Δ“χ “±Ι“γ “¥φ ’__“__‘ά_.,no
770422,19-9 22:33:45,5,test8,paper,NQ+,long,moreThan,‘ά_“Ξ“Ϋ “γΟ“Ο_“«“χ “ΆΙ“«“_Ι‘άφ‘ά_.,images/NQ+_paper_post.jpg,“γΟ“Ο_“«΅Ϋ ‘γ_ “_΄ “«“Δ“χ “ΆΙ“«‘΄_ µΒό΅“¤Ϋ “¥_“¥χ‘ά_.,yes
770422,19-9 22:33:45,6,test5,box,QN,long,regular,‘ά_“Ξ“Ϋ ’¥χ“Ϋ“«“χ “Δ“_“_Ι‘άφ‘ά_.,images/QN_box_post.jpg,’¥χ“Ϋ“«΅Ϋ “γό ΅Ο“χ  “Δ“_‘΄_ “Ρ«“¤Ϋ “¥_“¥χ‘ά_.,yes
770422,19-9 22:33:45,7,test1,balloon,QN,short,regular,‘ά_“Ξ“Ϋ “¤Ϋ“¥γ“χ ’Υ“γΚ“_Ι‘άφ‘ά_.,images/QN_balloon_post.jpg,“¤Ϋ“¥γ΅Ϋ “γό ΅Ο“χ  ’Υ“γΚ“γ “¥φ ’γ΅’_ό‘Κό‘ά_.,yes
770422,19-9 22:33:45,8,test4,cup,NQ+,short,moreThan,‘ά_“Ξ“Ϋ ‘ψ_“γΟ“χ “Θµ“_Ι‘άφ‘ά_.,images/NQ+_cup_post.jpg,‘ψ_“γΟ΅Ϋ ‘γ_ ΅Ο “«“Δ“χ “Θµ“γ “¥φ ‘Υ_“¤Τ“Ρφ‘ά_.,yes
770422,19-9 22:33:45,9,test7,triangle,QN+,long,moreThan,‘ά_“Ξ“Ϋ “¤Ϋ“_΅“χ “γό‘»¬“_Ι‘άφ‘ά_.,images/QN+_triangle_post.jpg,“¤Ϋ“_΅΅Ϋ “γό ΅Ο “«“Δ“χ “γό‘»¬‘΄_ “_Κ’¥χ“¤Ϋ “¥_“¥χ‘ά_.,yes
770422,19-9 22:33:45,10,test2,bowling,NQ,short,regular,‘ά_“Ξ“Ϋ “¤Ϋ’χό“χ ‘__‘¤’¥Ϋ“_Ι‘άφ‘ά_.,images/NQ_bowling_post.jpg,“¤Ϋ’χό΅Ϋ ‘γ_ ΅Ο“χ  ‘__‘¤’¥Ϋ“γ “¥φ ‘γχ“Π«‘Ο¬‘Κό‘ά_.,yes
442285,20-9 0:11:42,1,training1,training1,,NA,NA,‘ά_“Ξ“Ϋ ’¥χ“Ϋ“«“χ “Κγ“άΟ“_© _΅“ό’χ¥“_Ι‘άφ‘ά_.,images/training001.jpg,’¥χ“Ϋ“«΅Ϋ ‘γ_ ΅Ο“χ  _΅“ό’χ¥“γ “Κγ“άΟ’¥« ‘ “¤Ϋ “¥_“¥χ‘ά_.,yes
442285,20-9 0:11:42,2,training2,training2,,NA,NA,‘ά_“Ξ“Ϋ “¤Ϋ’χό“χ “¥Κ“γ‘‘Β_ _Κ“ΠΤ“«“_Ι‘άφ‘ά_.,images/training002.jpg,“¤Ϋ’χό΅Ϋ ‘Τ ‘¤φ‘_Β“χ  _Κ“ΠΤ“«‘΄_ “¥φ ’β_“_«‘ά_.,no
442285,20-9 0:11:42,3,test1,balloon,QN,short,regular,‘ά_“Ξ“Ϋ “¤Ϋ“_΅“χ ’Υ“γΚ“_Ι‘άφ‘ά_.,images/QN_balloon_post.jpg,“¤Ϋ“_΅΅Ϋ “γό ΅Ο“χ  ’Υ“γΚ“γ “¥φ ’γ΅’_ό‘Κό‘ά_.,no
442285,20-9 0:11:42,4,test7,bowling,QN+,long,moreThan,‘ά_“Ξ“Ϋ “¤Ϋ“¥γ“χ ‘__‘¤’¥Ϋ“_Ι‘άφ‘ά_.,images/QN+_bowling_post.jpg,“¤Ϋ“¥γ΅Ϋ ‘γ_ ΅Ο “«“Δ“χ ‘__‘¤’¥Ϋ“γ ‘γχ“Π«‘Ο¬‘_Β“¤Ϋ “¥_“¥χ‘ά_.,no
442285,20-9 0:11:42,5,test6,pencil,NQ,long,regular,‘ά_“Ξ“Ϋ “γΟ“Ο_“«“χ “Ρ΅’¥γ“_Ι‘άφ‘ά_.,images/NQ_pencil_post.jpg,“γΟ“Ο_“«΅Ϋ ‘γ_ ΅Ο“χ  “Ρ΅’¥γ“γ ‘¦Ϋ‘ΩΒ‘Ο¬‘_Β“¤Ϋ “¥_“¥χ‘ά_.,yes
442285,20-9 0:11:42,6,test8,triangle,NQ+,long,moreThan,‘ά_“Ξ“Ϋ “_Κ“φχ“χ “γό‘»¬“_Ι‘άφ‘ά_.,images/NQ+_triangle_post.jpg,“_Κ“φχ΅Ϋ “γό ΅Ο “«“Δ“χ “γό‘»¬‘΄_ “_Κ’¥χ“¤Ϋ “¥_“¥χ‘ά_.,yes
442285,20-9 0:11:42,7,test5,cup,QN,long,regular,‘ά_“Ξ“Ϋ “γΟ“Ρ΅“«“χ “Θµ“_Ι‘άφ‘ά_.,images/QN_cup_post.jpg,“γΟ“Ρ΅“«΅Ϋ ‘γ_ ΅Ο“χ  “Θµ“γ ‘Υ_“¤Τ“¤Ϋ “¥_“¥χ‘ά_.,no
442285,20-9 0:11:42,8,test4,paper,NQ+,short,moreThan,‘ά_“Ξ“Ϋ ‘ψ_“_Ϋ“«“χ “ΆΙ“«“_Ι‘άφ‘ά_.,images/NQ+_paper_post.jpg,‘ψ_“_Ϋ“«΅Ϋ ‘γ_ “_΄ “«“Δ“χ “ΆΙ“«‘΄_ “¥φ µΒ__‘ά_.,yes
442285,20-9 0:11:42,9,test2,book,NQ,short,regular,‘ά_“Ξ“Ϋ “£_“έ“«“χ “±Ι“_Ι‘άφ‘ά_.,images/NQ_book_post.jpg,“£_“έ“«΅Ϋ “γό ¦Ξ“χ  “±Ι“γ “¥φ ’__“__‘ά_.,yes
442285,20-9 0:11:42,10,test3,box,QN+,short,moreThan,‘ά_“Ξ“Ϋ ‘ψ_“γΟ“χ “Δ“_“_Ι‘άφ‘ά_.,images/QN+_box_post.jpg,‘ψ_“γΟ΅Ϋ “γό ΅Ο “«“Δ“χ “Δ“_‘΄_ “¥φ “Ρ«“Ρφ‘ά_.,no
913582,20-9 17:40:30,1,training1,training1,,NA,NA,‘ά_“Ξ“Ϋ “_Κ“φχ“χ “Κγ“άΟ“_© _΅“ό’χ¥“_Ι‘άφ‘ά_.,images/training001.jpg,“_Κ“φχ΅Ϋ ‘γ_ ΅Ο“χ  _΅“ό’χ¥“γ “Κγ“άΟ’¥« ‘ “¤Ϋ “¥_“¥χ‘ά_.,yes
913582,20-9 17:40:30,2,training2,training2,,NA,NA,‘ά_“Ξ“Ϋ “¤Ϋ’χό“χ “¥Κ“γ‘‘Β_ _Κ“ΠΤ“«“_Ι‘άφ‘ά_.,images/training002.jpg,“¤Ϋ’χό΅Ϋ ‘Τ ‘¤φ‘_Β“χ  _Κ“ΠΤ“«‘΄_ “¥φ ’β_“_«‘ά_.,no
913582,20-9 17:40:30,3,test5,pencil,QN,long,regular,‘ά_“Ξ“Ϋ “¤Ϋ“_΅“χ “Ρ΅’¥γ“_Ι‘άφ‘ά_.,images/QN_pencil_post.jpg,“¤Ϋ“_΅΅Ϋ ‘γ_ ΅Ο“χ  “Ρ΅’¥γ“γ ‘¦Ϋ‘ΩΒ‘Ο¬‘_Β“¤Ϋ “¥_“¥χ‘ά_.,no
913582,20-9 17:40:30,4,test7,bowling,QN+,long,moreThan,‘ά_“Ξ“Ϋ ’¥χ“Ϋ“«“χ ‘__‘¤’¥Ϋ“_Ι‘άφ‘ά_.,images/QN+_bowling_post.jpg,’¥χ“Ϋ“«΅Ϋ ‘γ_ ΅Ο “«“Δ“χ ‘__‘¤’¥Ϋ“γ ‘γχ“Π«‘Ο¬‘_Β“¤Ϋ “¥_“¥χ‘ά_.,no
913582,20-9 17:40:30,5,test4,triangle,NQ+,short,moreThan,‘ά_“Ξ“Ϋ “£_“έ“«“χ “γό‘»¬“_Ι‘άφ‘ά_.,images/NQ+_triangle_post.jpg,“£_“έ“«΅Ϋ “γό ΅Ο “«“Δ“χ “γό‘»¬‘΄_ “¥φ “_Κ’Πφ‘ά_.,yes
913582,20-9 17:40:30,6,test3,cup,QN+,short,moreThan,‘ά_“Ξ“Ϋ ‘ψ_“γΟ“χ “Θµ“_Ι‘άφ‘ά_.,images/QN+_cup_post.jpg,‘ψ_“γΟ΅Ϋ ‘γ_ ΅Ο “«“Δ“χ “Θµ“γ “¥φ ‘Υ_“¤Τ“Ρφ‘ά_.,no
913582,20-9 17:40:30,7,test8,box,NQ+,long,moreThan,‘ά_“Ξ“Ϋ “γΟ“Ο_“«“χ “Δ“_“_Ι‘άφ‘ά_.,images/NQ+_box_post.jpg,“γΟ“Ο_“«΅Ϋ “γό ΅Ο “«“Δ“χ “Δ“_‘΄_ “Ρ«“¤Ϋ “¥_“¥χ‘ά_.,yes
913582,20-9 17:40:30,8,test2,book,NQ,short,regular,‘ά_“Ξ“Ϋ ‘ψ_“_Ϋ“«“χ “±Ι“_Ι‘άφ‘ά_.,images/NQ_book_post.jpg,‘ψ_“_Ϋ“«΅Ϋ “γό ¦Ξ“χ  “±Ι“γ “¥φ ’__“__‘ά_.,yes
913582,20-9 17:40:30,9,test6,paper,NQ,long,regular,‘ά_“Ξ“Ϋ “γΟ“Ρ΅“«“χ “ΆΙ“«“_Ι‘άφ‘ά_.,images/NQ_paper_post.jpg,“γΟ“Ρ΅“«΅Ϋ ‘γ_ “_΄“χ  “ΆΙ“«‘΄_ µΒό΅“¤Ϋ “¥_“¥χ‘ά_.,yes
913582,20-9 17:40:30,10,test1,balloon,QN,short,regular,‘ά_“Ξ“Ϋ “¤Ϋ“¥γ“χ ’Υ“γΚ“_Ι‘άφ‘ά_.,images/QN_balloon_post.jpg,“¤Ϋ“¥γ΅Ϋ “γό ΅Ο“χ  ’Υ“γΚ“γ “¥φ ’γ΅’_ό‘Κό‘ά_.,no
435687,22-9 14:33:13,1,training1,training1,,NA,NA,‘ά_“Ξ“Ϋ “¤Ϋ“_΅“χ “Κγ“άΟ“_© _΅“ό’χ¥“_Ι‘άφ‘ά_.,images/training001.jpg,“¤Ϋ“_΅΅Ϋ ‘γ_ ΅Ο“χ  _΅“ό’χ¥“γ “Κγ“άΟ’¥« ‘ “¤Ϋ “¥_“¥χ‘ά_.,yes
435687,22-9 14:33:13,2,training2,training2,,NA,NA,‘ά_“Ξ“Ϋ ‘ψ_“_Ϋ“«“χ “¥Κ“γ‘‘Β_ _Κ“ΠΤ“«“_Ι‘άφ‘ά_.,images/training002.jpg,‘ψ_“_Ϋ“«΅Ϋ ‘Τ ‘¤φ‘_Β“χ  _Κ“ΠΤ“«‘΄_ “¥φ ’β_“_«‘ά_.,no
435687,22-9 14:33:13,3,test2,book,NQ,short,regular,‘ά_“Ξ“Ϋ “¤Ϋ’χό“χ “±Ι“_Ι‘άφ‘ά_.,images/NQ_book_post.jpg,“¤Ϋ’χό΅Ϋ “γό ¦Ξ“χ  “±Ι“γ “¥φ ’__“__‘ά_.,no
435687,22-9 14:33:13,4,test7,cup,QN+,long,moreThan,‘ά_“Ξ“Ϋ “_Κ“φχ“χ “Θµ“_Ι‘άφ‘ά_.,images/QN+_cup_post.jpg,“_Κ“φχ΅Ϋ ‘γ_ ΅Ο “«“Δ“χ “Θµ“γ ‘Υ_“¤Τ“¤Ϋ “¥_“¥χ‘ά_.,no
435687,22-9 14:33:13,5,test4,paper,NQ+,short,moreThan,‘ά_“Ξ“Ϋ “£_“έ“«“χ “ΆΙ“«“_Ι‘άφ‘ά_.,images/NQ+_paper_post.jpg,“£_“έ“«΅Ϋ ‘γ_ “_΄ “«“Δ“χ “ΆΙ“«‘΄_ “¥φ µΒ__‘ά_.,no
435687,22-9 14:33:13,7,test8,balloon,NQ+,long,moreThan,‘ά_“Ξ“Ϋ “¤Ϋ“¥γ“χ ’Υ“γΚ“_Ι‘άφ‘ά_.,images/NQ+_balloon_post.jpg,“¤Ϋ“¥γ΅Ϋ “γό ΅Ο “«“Δ“χ ’Υ“γΚ“γ ’γ΅’_ό‘_Β“¤Ϋ “¥_“¥χ‘ά_.,no
435687,22-9 14:33:13,8,test5,bowling,QN,long,regular,‘ά_“Ξ“Ϋ ’¥χ“Ϋ“«“χ ‘__‘¤’¥Ϋ“_Ι‘άφ‘ά_.,images/QN_bowling_post.jpg,’¥χ“Ϋ“«΅Ϋ ‘γ_ ΅Ο“χ  ‘__‘¤’¥Ϋ“γ ‘γχ“Π«‘Ο¬‘_Β“¤Ϋ “¥_“¥χ‘ά_.,yes
435687,22-9 14:33:13,9,test3,pencil,QN+,short,moreThan,‘ά_“Ξ“Ϋ “γΟ“Ο_“«“χ “Ρ΅’¥γ“_Ι‘άφ‘ά_.,images/QN+_pencil_post.jpg,“γΟ“Ο_“«΅Ϋ ‘γ_ ΅Ο “«“Δ“χ “Ρ΅’¥γ“γ “¥φ ‘¦Ϋ‘ΩΒ‘Ο¬‘Κό‘ά_.,no
435687,22-9 14:33:13,10,test6,triangle,NQ,long,regular,‘ά_“Ξ“Ϋ ‘ψ_“γΟ“χ “γό‘»¬“_Ι‘άφ‘ά_.,images/NQ_triangle_post.jpg,‘ψ_“γΟ΅Ϋ “γό ΅Ο“χ  “γό‘»¬‘΄_ “_Κ’¥χ“¤Ϋ “¥_“¥χ‘ά_.,no
903642,23-9 10:11:9,1,training1,training1,,NA,NA,‘ά_“Ξ“Ϋ “¤Ϋ“¥γ“χ “Κγ“άΟ“_© _΅“ό’χ¥“_Ι‘άφ‘ά_.,images/training001.jpg,“¤Ϋ“¥γ΅Ϋ ‘γ_ ΅Ο“χ  _΅“ό’χ¥“γ “Κγ“άΟ’¥« ‘ “¤Ϋ “¥_“¥χ‘ά_.,yes
903642,23-9 10:11:9,2,training2,training2,,NA,NA,‘ά_“Ξ“Ϋ ’¥χ“Ϋ“«“χ “¥Κ“γ‘‘Β_ _Κ“ΠΤ“«“_Ι‘άφ‘ά_.,images/training002.jpg,’¥χ“Ϋ“«΅Ϋ ‘Τ ‘¤φ‘_Β“χ  _Κ“ΠΤ“«‘΄_ “¥φ ’β_“_«‘ά_.,no
903642,23-9 10:11:9,3,test4,book,NQ+,short,moreThan,‘ά_“Ξ“Ϋ “£_“έ“«“χ “±Ι“_Ι‘άφ‘ά_.,images/NQ+_book_post.jpg,“£_“έ“«΅Ϋ “γό ¦Ξ “«“Δ“χ “±Ι“γ “¥φ ’__“__‘ά_.,yes
903642,23-9 10:11:9,4,test7,balloon,QN+,long,moreThan,‘ά_“Ξ“Ϋ “γΟ“Ρ΅“«“χ ’Υ“γΚ“_Ι‘άφ‘ά_.,images/QN+_balloon_post.jpg,“γΟ“Ρ΅“«΅Ϋ “γό ΅Ο “«“Δ“χ ’Υ“γΚ“γ ’γ΅’_ό‘_Β“¤Ϋ “¥_“¥χ‘ά_.,no
903642,23-9 10:11:9,5,test6,triangle,NQ,long,regular,‘ά_“Ξ“Ϋ “_Κ“φχ“χ “γό‘»¬“_Ι‘άφ‘ά_.,images/NQ_triangle_post.jpg,“_Κ“φχ΅Ϋ “γό ΅Ο“χ  “γό‘»¬‘΄_ “_Κ’¥χ“¤Ϋ “¥_“¥χ‘ά_.,no
903642,23-9 10:11:9,6,test8,bowling,NQ+,long,moreThan,‘ά_“Ξ“Ϋ “γΟ“Ο_“«“χ ‘__‘¤’¥Ϋ“_Ι‘άφ‘ά_.,images/NQ+_bowling_post.jpg,“γΟ“Ο_“«΅Ϋ ‘γ_ ΅Ο “«“Δ“χ ‘__‘¤’¥Ϋ“γ ‘γχ“Π«‘Ο¬‘_Β“¤Ϋ “¥_“¥χ‘ά_.,yes
903642,23-9 10:11:9,7,test1,box,QN,short,regular,‘ά_“Ξ“Ϋ “¤Ϋ“_΅“χ “Δ“_“_Ι‘άφ‘ά_.,images/QN_box_post.jpg,“¤Ϋ“_΅΅Ϋ “γό ΅Ο“χ  “Δ“_‘΄_ “¥φ “Ρ«“Ρφ‘ά_.,yes
903642,23-9 10:11:9,8,test5,pencil,QN,long,regular,‘ά_“Ξ“Ϋ ‘ψ_“γΟ“χ “Ρ΅’¥γ“_Ι‘άφ‘ά_.,images/QN_pencil_post.jpg,‘ψ_“γΟ΅Ϋ ‘γ_ ΅Ο“χ  “Ρ΅’¥γ“γ ‘¦Ϋ‘ΩΒ‘Ο¬‘_Β“¤Ϋ “¥_“¥χ‘ά_.,yes
903642,23-9 10:11:9,9,test3,cup,QN+,short,moreThan,‘ά_“Ξ“Ϋ “¤Ϋ’χό“χ “Θµ“_Ι‘άφ‘ά_.,images/QN+_cup_post.jpg,“¤Ϋ’χό΅Ϋ ‘γ_ ΅Ο “«“Δ“χ “Θµ“γ “¥φ ‘Υ_“¤Τ“Ρφ‘ά_.,yes
903642,23-9 10:11:9,10,test2,paper,NQ,short,regular,‘ά_“Ξ“Ϋ ‘ψ_“_Ϋ“«“χ “ΆΙ“«“_Ι‘άφ‘ά_.,images/NQ_paper_post.jpg,‘ψ_“_Ϋ“«΅Ϋ ‘γ_ “_΄“χ  “ΆΙ“«‘΄_ “¥φ µΒ__‘ά_.,no
868891,22-9 21:41:57,1,training1,training1,,NA,NA,‘ά_“Ξ“Ϋ ’¥χ“Ϋ“«“χ “Κγ“άΟ“_© _΅“ό’χ¥“_Ι‘άφ‘ά_.,images/training001.jpg,’¥χ“Ϋ“«΅Ϋ ‘γ_ ΅Ο“χ  _΅“ό’χ¥“γ “Κγ“άΟ’¥« ‘ “¤Ϋ “¥_“¥χ‘ά_.,yes
868891,22-9 21:41:57,2,training2,training2,,NA,NA,‘ά_“Ξ“Ϋ ‘ψ_“_Ϋ“«“χ “¥Κ“γ‘‘Β_ _Κ“ΠΤ“«“_Ι‘άφ‘ά_.,images/training002.jpg,‘ψ_“_Ϋ“«΅Ϋ ‘Τ ‘¤φ‘_Β“χ  _Κ“ΠΤ“«‘΄_ “¥φ ’β_“_«‘ά_.,no
868891,22-9 21:41:57,3,test6,pencil,NQ,long,regular,‘ά_“Ξ“Ϋ “¤Ϋ’χό“χ “Ρ΅’¥γ“_Ι‘άφ‘ά_.,images/NQ_pencil_post.jpg,“¤Ϋ’χό΅Ϋ ‘γ_ ΅Ο“χ  “Ρ΅’¥γ“γ ‘¦Ϋ‘ΩΒ‘Ο¬‘_Β“¤Ϋ “¥_“¥χ‘ά_.,yes
868891,22-9 21:41:57,4,test8,paper,NQ+,long,moreThan,‘ά_“Ξ“Ϋ “γΟ“Ρ΅“«“χ “ΆΙ“«“_Ι‘άφ‘ά_.,images/NQ+_paper_post.jpg,“γΟ“Ρ΅“«΅Ϋ ‘γ_ “_΄ “«“Δ“χ “ΆΙ“«‘΄_ µΒό΅“¤Ϋ “¥_“¥χ‘ά_.,yes
868891,22-9 21:41:57,5,test3,balloon,QN+,short,moreThan,‘ά_“Ξ“Ϋ “¤Ϋ“¥γ“χ ’Υ“γΚ“_Ι‘άφ‘ά_.,images/QN+_balloon_post.jpg,“¤Ϋ“¥γ΅Ϋ “γό ΅Ο “«“Δ“χ ’Υ“γΚ“γ “¥φ ’γ΅’_ό‘Κό‘ά_.,no
868891,22-9 21:41:57,6,test7,triangle,QN+,long,moreThan,‘ά_“Ξ“Ϋ “£_“έ“«“χ “γό‘»¬“_Ι‘άφ‘ά_.,images/QN+_triangle_post.jpg,“£_“έ“«΅Ϋ “γό ΅Ο “«“Δ“χ “γό‘»¬‘΄_ “_Κ’¥χ“¤Ϋ “¥_“¥χ‘ά_.,no
868891,22-9 21:41:57,7,test5,book,QN,long,regular,‘ά_“Ξ“Ϋ “¤Ϋ“_΅“χ “±Ι“_Ι‘άφ‘ά_.,images/QN_book_post.jpg,“¤Ϋ“_΅΅Ϋ “γό ¦Ξ“χ  “±Ι“γ ’__“_χ“¤Ϋ “¥_“¥χ‘ά_.,yes
868891,22-9 21:41:57,8,test1,bowling,QN,short,regular,‘ά_“Ξ“Ϋ ‘ψ_“γΟ“χ ‘__‘¤’¥Ϋ“_Ι‘άφ‘ά_.,images/QN_bowling_post.jpg,‘ψ_“γΟ΅Ϋ ‘γ_ ΅Ο“χ  ‘__‘¤’¥Ϋ“γ “¥φ ‘γχ“Π«‘Ο¬‘Κό‘ά_.,yes
868891,22-9 21:41:57,9,test4,box,NQ+,short,moreThan,‘ά_“Ξ“Ϋ “γΟ“Ο_“«“χ “Δ“_“_Ι‘άφ‘ά_.,images/NQ+_box_post.jpg,“γΟ“Ο_“«΅Ϋ “γό ΅Ο “«“Δ“χ “Δ“_‘΄_ “¥φ “Ρ«“Ρφ‘ά_.,yes
868891,22-9 21:41:57,10,test2,cup,NQ,short,regular,‘ά_“Ξ“Ϋ “_Κ“φχ“χ “Θµ“_Ι‘άφ‘ά_.,images/NQ_cup_post.jpg,“_Κ“φχ΅Ϋ ‘γ_ ΅Ο“χ  “Θµ“γ “¥φ ‘Υ_“¤Τ“Ρφ‘ά_.,yes
721736,22-9 21:47:55,1,training1,training1,,NA,NA,‘ά_“Ξ“Ϋ ’¥χ“Ϋ“«“χ “Κγ“άΟ“_© _΅“ό’χ¥“_Ι‘άφ‘ά_.,images/training001.jpg,’¥χ“Ϋ“«΅Ϋ ‘γ_ ΅Ο“χ  _΅“ό’χ¥“γ “Κγ“άΟ’¥« ‘ “¤Ϋ “¥_“¥χ‘ά_.,yes
721736,22-9 21:47:55,2,training2,training2,,NA,NA,‘ά_“Ξ“Ϋ “¤Ϋ“_΅“χ “¥Κ“γ‘‘Β_ _Κ“ΠΤ“«“_Ι‘άφ‘ά_.,images/training002.jpg,“¤Ϋ“_΅΅Ϋ ‘Τ ‘¤φ‘_Β“χ  _Κ“ΠΤ“«‘΄_ “¥φ ’β_“_«‘ά_.,no
721736,22-9 21:47:55,3,test5,book,QN,long,regular,‘ά_“Ξ“Ϋ “γΟ“Ο_“«“χ “±Ι“_Ι‘άφ‘ά_.,images/QN_book_post.jpg,“γΟ“Ο_“«΅Ϋ “γό ¦Ξ“χ  “±Ι“γ ’__“_χ“¤Ϋ “¥_“¥χ‘ά_.,yes
721736,22-9 21:47:55,4,test6,paper,NQ,long,regular,‘ά_“Ξ“Ϋ ‘ψ_“_Ϋ“«“χ “ΆΙ“«“_Ι‘άφ‘ά_.,images/NQ_paper_post.jpg,‘ψ_“_Ϋ“«΅Ϋ ‘γ_ “_΄“χ  “ΆΙ“«‘΄_ µΒό΅“¤Ϋ “¥_“¥χ‘ά_.,no
721736,22-9 21:47:55,5,test1,pencil,QN,short,regular,‘ά_“Ξ“Ϋ “¤Ϋ“¥γ“χ “Ρ΅’¥γ“_Ι‘άφ‘ά_.,images/QN_pencil_post.jpg,“¤Ϋ“¥γ΅Ϋ ‘γ_ ΅Ο“χ  “Ρ΅’¥γ“γ “¥φ ‘¦Ϋ‘ΩΒ‘Ο¬‘Κό‘ά_.,yes
721736,22-9 21:47:55,6,test8,balloon,NQ+,long,moreThan,‘ά_“Ξ“Ϋ ‘ψ_“γΟ“χ ’Υ“γΚ“_Ι‘άφ‘ά_.,images/NQ+_balloon_post.jpg,‘ψ_“γΟ΅Ϋ “γό ΅Ο “«“Δ“χ ’Υ“γΚ“γ ’γ΅’_ό‘_Β“¤Ϋ “¥_“¥χ‘ά_.,yes
721736,22-9 21:47:55,7,test4,box,NQ+,short,moreThan,‘ά_“Ξ“Ϋ “γΟ“Ρ΅“«“χ “Δ“_“_Ι‘άφ‘ά_.,images/NQ+_box_post.jpg,“γΟ“Ρ΅“«΅Ϋ “γό ΅Ο “«“Δ“χ “Δ“_‘΄_ “¥φ “Ρ«“Ρφ‘ά_.,yes
721736,22-9 21:47:55,8,test2,triangle,NQ,short,regular,‘ά_“Ξ“Ϋ “_Κ“φχ“χ “γό‘»¬“_Ι‘άφ‘ά_.,images/NQ_triangle_post.jpg,“_Κ“φχ΅Ϋ “γό ΅Ο“χ  “γό‘»¬‘΄_ “¥φ “_Κ’Πφ‘ά_.,no
721736,22-9 21:47:55,9,test3,bowling,QN+,short,moreThan,‘ά_“Ξ“Ϋ “£_“έ“«“χ ‘__‘¤’¥Ϋ“_Ι‘άφ‘ά_.,images/QN+_bowling_post.jpg,“£_“έ“«΅Ϋ ‘γ_ ΅Ο “«“Δ“χ ‘__‘¤’¥Ϋ“γ “¥φ ‘γχ“Π«‘Ο¬‘Κό‘ά_.,yes
721736,22-9 21:47:55,10,test7,cup,QN+,long,moreThan,‘ά_“Ξ“Ϋ “¤Ϋ’χό“χ “Θµ“_Ι‘άφ‘ά_.,images/QN+_cup_post.jpg,“¤Ϋ’χό΅Ϋ ‘γ_ ΅Ο “«“Δ“χ “Θµ“γ ‘Υ_“¤Τ“¤Ϋ “¥_“¥χ‘ά_.,yes
547984,23-9 0:23:53,1,training1,training1,,NA,NA,‘ά_“Ξ“Ϋ “γΟ“Ρ΅“«“χ “Κγ“άΟ“_© _΅“ό’χ¥“_Ι‘άφ‘ά_.,images/training001.jpg,“γΟ“Ρ΅“«΅Ϋ ‘γ_ ΅Ο“χ  _΅“ό’χ¥“γ “Κγ“άΟ’¥« ‘ “¤Ϋ “¥_“¥χ‘ά_.,yes
547984,23-9 0:23:53,2,training2,training2,,NA,NA,‘ά_“Ξ“Ϋ “γΟ“Ο_“«“χ “¥Κ“γ‘‘Β_ _Κ“ΠΤ“«“_Ι‘άφ‘ά_.,images/training002.jpg,“γΟ“Ο_“«΅Ϋ ‘Τ ‘¤φ‘_Β“χ  _Κ“ΠΤ“«‘΄_ “¥φ ’β_“_«‘ά_.,no
547984,23-9 0:23:53,3,test8,paper,NQ+,long,moreThan,‘ά_“Ξ“Ϋ “¤Ϋ“¥γ“χ “ΆΙ“«“_Ι‘άφ‘ά_.,images/NQ+_paper_post.jpg,“¤Ϋ“¥γ΅Ϋ ‘γ_ “_΄ “«“Δ“χ “ΆΙ“«‘΄_ µΒό΅“¤Ϋ “¥_“¥χ‘ά_.,yes
547984,23-9 0:23:53,4,test6,bowling,NQ,long,regular,‘ά_“Ξ“Ϋ “¤Ϋ“_΅“χ ‘__‘¤’¥Ϋ“_Ι‘άφ‘ά_.,images/NQ_bowling_post.jpg,“¤Ϋ“_΅΅Ϋ ‘γ_ ΅Ο“χ  ‘__‘¤’¥Ϋ“γ ‘γχ“Π«‘Ο¬‘_Β“¤Ϋ “¥_“¥χ‘ά_.,yes
547984,23-9 0:23:53,5,test5,book,QN,long,regular,‘ά_“Ξ“Ϋ ‘ψ_“γΟ“χ “±Ι“_Ι‘άφ‘ά_.,images/QN_book_post.jpg,‘ψ_“γΟ΅Ϋ “γό ¦Ξ“χ  “±Ι“γ ’__“_χ“¤Ϋ “¥_“¥χ‘ά_.,no
547984,23-9 0:23:53,6,test7,pencil,QN+,long,moreThan,‘ά_“Ξ“Ϋ ’¥χ“Ϋ“«“χ “Ρ΅’¥γ“_Ι‘άφ‘ά_.,images/QN+_pencil_post.jpg,’¥χ“Ϋ“«΅Ϋ ‘γ_ ΅Ο “«“Δ“χ “Ρ΅’¥γ“γ ‘¦Ϋ‘ΩΒ‘Ο¬‘_Β“¤Ϋ “¥_“¥χ‘ά_.,no
547984,23-9 0:23:53,7,test1,box,QN,short,regular,‘ά_“Ξ“Ϋ “¤Ϋ’χό“χ “Δ“_“_Ι‘άφ‘ά_.,images/QN_box_post.jpg,“¤Ϋ’χό΅Ϋ “γό ΅Ο“χ  “Δ“_‘΄_ “¥φ “Ρ«“Ρφ‘ά_.,no
547984,23-9 0:23:53,8,test2,balloon,NQ,short,regular,‘ά_“Ξ“Ϋ ‘ψ_“_Ϋ“«“χ ’Υ“γΚ“_Ι‘άφ‘ά_.,images/NQ_balloon_post.jpg,‘ψ_“_Ϋ“«΅Ϋ “γό ΅Ο“χ  ’Υ“γΚ“γ “¥φ ’γ΅’_ό‘Κό‘ά_.,yes
547984,23-9 0:23:53,9,test4,cup,NQ+,short,moreThan,‘ά_“Ξ“Ϋ “_Κ“φχ“χ “Θµ“_Ι‘άφ‘ά_.,images/NQ+_cup_post.jpg,“_Κ“φχ΅Ϋ ‘γ_ ΅Ο “«“Δ“χ “Θµ“γ “¥φ ‘Υ_“¤Τ“Ρφ‘ά_.,yes
547984,23-9 0:23:53,10,test3,triangle,QN+,short,moreThan,‘ά_“Ξ“Ϋ “£_“έ“«“χ “γό‘»¬“_Ι‘άφ‘ά_.,images/QN+_triangle_post.jpg,“£_“έ“«΅Ϋ “γό ΅Ο “«“Δ“χ “γό‘»¬‘΄_ “¥φ “_Κ’Πφ‘ά_.,no
741116,23-9 9:47:30,1,training1,training1,,NA,NA,‘ά_“Ξ“Ϋ “£_“έ“«“χ “Κγ“άΟ“_© _΅“ό’χ¥“_Ι‘άφ‘ά_.,images/training001.jpg,“£_“έ“«΅Ϋ ‘γ_ ΅Ο“χ  _΅“ό’χ¥“γ “Κγ“άΟ’¥« ‘ “¤Ϋ “¥_“¥χ‘ά_.,yes
741116,23-9 9:47:30,2,training2,training2,,NA,NA,‘ά_“Ξ“Ϋ “_Κ“φχ“χ “¥Κ“γ‘‘Β_ _Κ“ΠΤ“«“_Ι‘άφ‘ά_.,images/training002.jpg,“_Κ“φχ΅Ϋ ‘Τ ‘¤φ‘_Β“χ  _Κ“ΠΤ“«‘΄_ “¥φ ’β_“_«‘ά_.,no
741116,23-9 9:47:30,3,test4,balloon,NQ+,short,moreThan,‘ά_“Ξ“Ϋ “¤Ϋ“¥γ“χ ’Υ“γΚ“_Ι‘άφ‘ά_.,images/NQ+_balloon_post.jpg,“¤Ϋ“¥γ΅Ϋ “γό ΅Ο “«“Δ“χ ’Υ“γΚ“γ “¥φ ’γ΅’_ό‘Κό‘ά_.,yes
741116,23-9 9:47:30,4,test6,box,NQ,long,regular,‘ά_“Ξ“Ϋ ‘ψ_“γΟ“χ “Δ“_“_Ι‘άφ‘ά_.,images/NQ_box_post.jpg,‘ψ_“γΟ΅Ϋ “γό ΅Ο“χ  “Δ“_‘΄_ “Ρ«“¤Ϋ “¥_“¥χ‘ά_.,yes
741116,23-9 9:47:30,5,test8,pencil,NQ+,long,moreThan,‘ά_“Ξ“Ϋ “γΟ“Ο_“«“χ “Ρ΅’¥γ“_Ι‘άφ‘ά_.,images/NQ+_pencil_post.jpg,“γΟ“Ο_“«΅Ϋ ‘γ_ ΅Ο “«“Δ“χ “Ρ΅’¥γ“γ ‘¦Ϋ‘ΩΒ‘Ο¬‘_Β“¤Ϋ “¥_“¥χ‘ά_.,yes
741116,23-9 9:47:30,6,test1,cup,QN,short,regular,‘ά_“Ξ“Ϋ “¤Ϋ“_΅“χ “Θµ“_Ι‘άφ‘ά_.,images/QN_cup_post.jpg,“¤Ϋ“_΅΅Ϋ ‘γ_ ΅Ο“χ  “Θµ“γ “¥φ ‘Υ_“¤Τ“Ρφ‘ά_.,no
741116,23-9 9:47:30,7,test2,triangle,NQ,short,regular,‘ά_“Ξ“Ϋ ’¥χ“Ϋ“«“χ “γό‘»¬“_Ι‘άφ‘ά_.,images/NQ_triangle_post.jpg,’¥χ“Ϋ“«΅Ϋ “γό ΅Ο“χ  “γό‘»¬‘΄_ “¥φ “_Κ’Πφ‘ά_.,yes
741116,23-9 9:47:30,8,test5,paper,QN,long,regular,‘ά_“Ξ“Ϋ “γΟ“Ρ΅“«“χ “ΆΙ“«“_Ι‘άφ‘ά_.,images/QN_paper_post.jpg,“γΟ“Ρ΅“«΅Ϋ ‘γ_ “_΄“χ  “ΆΙ“«‘΄_ µΒό΅“¤Ϋ “¥_“¥χ‘ά_.,no
741116,23-9 9:47:30,9,test7,book,QN+,long,moreThan,‘ά_“Ξ“Ϋ “¤Ϋ’χό“χ “±Ι“_Ι‘άφ‘ά_.,images/QN+_book_post.jpg,“¤Ϋ’χό΅Ϋ “γό ¦Ξ “«“Δ“χ “±Ι“γ ’__“_χ“¤Ϋ “¥_“¥χ‘ά_.,no
741116,23-9 9:47:30,10,test3,bowling,QN+,short,moreThan,‘ά_“Ξ“Ϋ ‘ψ_“_Ϋ“«“χ ‘__‘¤’¥Ϋ“_Ι‘άφ‘ά_.,images/QN+_bowling_post.jpg,‘ψ_“_Ϋ“«΅Ϋ ‘γ_ ΅Ο “«“Δ“χ ‘__‘¤’¥Ϋ“γ “¥φ ‘γχ“Π«‘Ο¬‘Κό‘ά_.,no
450562,23-9 21:25:7,1,training1,training1,,NA,NA,‘ά_“Ξ“Ϋ “γΟ“Ρ΅“«“χ “Κγ“άΟ“_© _΅“ό’χ¥“_Ι‘άφ‘ά_.,images/training001.jpg,“γΟ“Ρ΅“«΅Ϋ ‘γ_ ΅Ο“χ  _΅“ό’χ¥“γ “Κγ“άΟ’¥« ‘ “¤Ϋ “¥_“¥χ‘ά_.,yes
450562,23-9 21:25:7,2,training2,training2,,NA,NA,‘ά_“Ξ“Ϋ “_Κ“φχ“χ “¥Κ“γ‘‘Β_ _Κ“ΠΤ“«“_Ι‘άφ‘ά_.,images/training002.jpg,“_Κ“φχ΅Ϋ ‘Τ ‘¤φ‘_Β“χ  _Κ“ΠΤ“«‘΄_ “¥φ ’β_“_«‘ά_.,no
450562,23-9 21:25:7,3,test2,book,NQ,short,regular,‘ά_“Ξ“Ϋ ‘ψ_“_Ϋ“«“χ “±Ι“_Ι‘άφ‘ά_.,images/NQ_book_post.jpg,‘ψ_“_Ϋ“«΅Ϋ “γό ¦Ξ“χ  “±Ι“γ “¥φ ’__“__‘ά_.,yes
450562,23-9 21:25:7,4,test1,triangle,QN,short,regular,‘ά_“Ξ“Ϋ “¤Ϋ’χό“χ “γό‘»¬“_Ι‘άφ‘ά_.,images/QN_triangle_post.jpg,“¤Ϋ’χό΅Ϋ “γό ΅Ο“χ  “γό‘»¬‘΄_ “¥φ “_Κ’Πφ‘ά_.,yes
450562,23-9 21:25:7,5,test8,pencil,NQ+,long,moreThan,‘ά_“Ξ“Ϋ ‘ψ_“γΟ“χ “Ρ΅’¥γ“_Ι‘άφ‘ά_.,images/NQ+_pencil_post.jpg,‘ψ_“γΟ΅Ϋ ‘γ_ ΅Ο “«“Δ“χ “Ρ΅’¥γ“γ ‘¦Ϋ‘ΩΒ‘Ο¬‘_Β“¤Ϋ “¥_“¥χ‘ά_.,yes
450562,23-9 21:25:7,6,test4,paper,NQ+,short,moreThan,‘ά_“Ξ“Ϋ “£_“έ“«“χ “ΆΙ“«“_Ι‘άφ‘ά_.,images/NQ+_paper_post.jpg,“£_“έ“«΅Ϋ ‘γ_ “_΄ “«“Δ“χ “ΆΙ“«‘΄_ “¥φ µΒ__‘ά_.,no
450562,23-9 21:25:7,7,test3,box,QN+,short,moreThan,‘ά_“Ξ“Ϋ “¤Ϋ“_΅“χ “Δ“_“_Ι‘άφ‘ά_.,images/QN+_box_post.jpg,“¤Ϋ“_΅΅Ϋ “γό ΅Ο “«“Δ“χ “Δ“_‘΄_ “¥φ “Ρ«“Ρφ‘ά_.,yes
450562,23-9 21:25:7,8,test6,cup,NQ,long,regular,‘ά_“Ξ“Ϋ “¤Ϋ“¥γ“χ “Θµ“_Ι‘άφ‘ά_.,images/NQ_cup_post.jpg,“¤Ϋ“¥γ΅Ϋ ‘γ_ ΅Ο“χ  “Θµ“γ ‘Υ_“¤Τ“¤Ϋ “¥_“¥χ‘ά_.,no
450562,23-9 21:25:7,9,test7,bowling,QN+,long,moreThan,‘ά_“Ξ“Ϋ ’¥χ“Ϋ“«“χ ‘__‘¤’¥Ϋ“_Ι‘άφ‘ά_.,images/QN+_bowling_post.jpg,’¥χ“Ϋ“«΅Ϋ ‘γ_ ΅Ο “«“Δ“χ ‘__‘¤’¥Ϋ“γ ‘γχ“Π«‘Ο¬‘_Β“¤Ϋ “¥_“¥χ‘ά_.,no
450562,23-9 21:25:7,10,test5,balloon,QN,long,regular,‘ά_“Ξ“Ϋ “γΟ“Ο_“«“χ ’Υ“γΚ“_Ι‘άφ‘ά_.,images/QN_balloon_post.jpg,“γΟ“Ο_“«΅Ϋ “γό ΅Ο“χ  ’Υ“γΚ“γ ’γ΅’_ό‘_Β“¤Ϋ “¥_“¥χ‘ά_.,yes
755509,23-9 21:28:12,1,training1,training1,,NA,NA,‘ά_“Ξ“Ϋ ‘ψ_“γΟ“χ “Κγ“άΟ“_© _΅“ό’χ¥“_Ι‘άφ‘ά_.,images/training001.jpg,‘ψ_“γΟ΅Ϋ ‘γ_ ΅Ο“χ  _΅“ό’χ¥“γ “Κγ“άΟ’¥« ‘ “¤Ϋ “¥_“¥χ‘ά_.,yes
755509,23-9 21:28:12,2,training2,training2,,NA,NA,‘ά_“Ξ“Ϋ “¤Ϋ“_΅“χ “¥Κ“γ‘‘Β_ _Κ“ΠΤ“«“_Ι‘άφ‘ά_.,images/training002.jpg,“¤Ϋ“_΅΅Ϋ ‘Τ ‘¤φ‘_Β“χ  _Κ“ΠΤ“«‘΄_ “¥φ ’β_“_«‘ά_.,no
755509,23-9 21:28:12,3,test2,book,NQ,short,regular,‘ά_“Ξ“Ϋ “_Κ“φχ“χ “±Ι“_Ι‘άφ‘ά_.,images/NQ_book_post.jpg,“_Κ“φχ΅Ϋ “γό ¦Ξ“χ  “±Ι“γ “¥φ ’__“__‘ά_.,no
755509,23-9 21:28:12,4,test7,triangle,QN+,long,moreThan,‘ά_“Ξ“Ϋ ’¥χ“Ϋ“«“χ “γό‘»¬“_Ι‘άφ‘ά_.,images/QN+_triangle_post.jpg,’¥χ“Ϋ“«΅Ϋ “γό ΅Ο “«“Δ“χ “γό‘»¬‘΄_ “_Κ’¥χ“¤Ϋ “¥_“¥χ‘ά_.,yes
755509,23-9 21:28:12,5,test6,pencil,NQ,long,regular,‘ά_“Ξ“Ϋ “γΟ“Ρ΅“«“χ “Ρ΅’¥γ“_Ι‘άφ‘ά_.,images/NQ_pencil_post.jpg,“γΟ“Ρ΅“«΅Ϋ ‘γ_ ΅Ο“χ  “Ρ΅’¥γ“γ ‘¦Ϋ‘ΩΒ‘Ο¬‘_Β“¤Ϋ “¥_“¥χ‘ά_.,no
755509,23-9 21:28:12,6,test3,balloon,QN+,short,moreThan,‘ά_“Ξ“Ϋ ‘ψ_“_Ϋ“«“χ ’Υ“γΚ“_Ι‘άφ‘ά_.,images/QN+_balloon_post.jpg,‘ψ_“_Ϋ“«΅Ϋ “γό ΅Ο “«“Δ“χ ’Υ“γΚ“γ “¥φ ’γ΅’_ό‘Κό‘ά_.,yes
755509,23-9 21:28:12,7,test8,cup,NQ+,long,moreThan,‘ά_“Ξ“Ϋ “£_“έ“«“χ “Θµ“_Ι‘άφ‘ά_.,images/NQ+_cup_post.jpg,“£_“έ“«΅Ϋ ‘γ_ ΅Ο “«“Δ“χ “Θµ“γ ‘Υ_“¤Τ“¤Ϋ “¥_“¥χ‘ά_.,no
755509,23-9 21:28:12,8,test5,box,QN,long,regular,‘ά_“Ξ“Ϋ “¤Ϋ’χό“χ “Δ“_“_Ι‘άφ‘ά_.,images/QN_box_post.jpg,“¤Ϋ’χό΅Ϋ “γό ΅Ο“χ  “Δ“_‘΄_ “Ρ«“¤Ϋ “¥_“¥χ‘ά_.,yes
755509,23-9 21:28:12,9,test4,paper,NQ+,short,moreThan,‘ά_“Ξ“Ϋ “¤Ϋ“¥γ“χ “ΆΙ“«“_Ι‘άφ‘ά_.,images/NQ+_paper_post.jpg,“¤Ϋ“¥γ΅Ϋ ‘γ_ “_΄ “«“Δ“χ “ΆΙ“«‘΄_ “¥φ µΒ__‘ά_.,no
755509,23-9 21:28:12,10,test1,bowling,QN,short,regular,‘ά_“Ξ“Ϋ “γΟ“Ο_“«“χ ‘__‘¤’¥Ϋ“_Ι‘άφ‘ά_.,images/QN_bowling_post.jpg,“γΟ“Ο_“«΅Ϋ ‘γ_ ΅Ο“χ  ‘__‘¤’¥Ϋ“γ “¥φ ‘γχ“Π«‘Ο¬‘Κό‘ά_.,yes
307267,24-9 0:30:1,1,training1,training1,,NA,NA,‘ά_“Ξ“Ϋ “¤Ϋ’χό“χ “Κγ“άΟ“_© _΅“ό’χ¥“_Ι‘άφ‘ά_.,images/training001.jpg,“¤Ϋ’χό΅Ϋ ‘γ_ ΅Ο“χ  _΅“ό’χ¥“γ “Κγ“άΟ’¥« ‘ “¤Ϋ “¥_“¥χ‘ά_.,yes
307267,24-9 0:30:1,2,training2,training2,,NA,NA,‘ά_“Ξ“Ϋ “γΟ“Ρ΅“«“χ “¥Κ“γ‘‘Β_ _Κ“ΠΤ“«“_Ι‘άφ‘ά_.,images/training002.jpg,“γΟ“Ρ΅“«΅Ϋ ‘Τ ‘¤φ‘_Β“χ  _Κ“ΠΤ“«‘΄_ “¥φ ’β_“_«‘ά_.,no
307267,24-9 0:30:1,3,test6,balloon,NQ,long,regular,‘ά_“Ξ“Ϋ “£_“έ“«“χ ’Υ“γΚ“_Ι‘άφ‘ά_.,images/NQ_balloon_post.jpg,“£_“έ“«΅Ϋ “γό ΅Ο“χ  ’Υ“γΚ“γ ’γ΅’_ό‘_Β“¤Ϋ “¥_“¥χ‘ά_.,yes
307267,24-9 0:30:1,4,test7,paper,QN+,long,moreThan,‘ά_“Ξ“Ϋ “γΟ“Ο_“«“χ “ΆΙ“«“_Ι‘άφ‘ά_.,images/QN+_paper_post.jpg,“γΟ“Ο_“«΅Ϋ ‘γ_ “_΄ “«“Δ“χ “ΆΙ“«‘΄_ µΒό΅“¤Ϋ “¥_“¥χ‘ά_.,no
307267,24-9 0:30:1,5,test5,cup,QN,long,regular,‘ά_“Ξ“Ϋ “¤Ϋ“_΅“χ “Θµ“_Ι‘άφ‘ά_.,images/QN_cup_post.jpg,“¤Ϋ“_΅΅Ϋ ‘γ_ ΅Ο“χ  “Θµ“γ ‘Υ_“¤Τ“¤Ϋ “¥_“¥χ‘ά_.,no
307267,24-9 0:30:1,6,test3,box,QN+,short,moreThan,‘ά_“Ξ“Ϋ ’¥χ“Ϋ“«“χ “Δ“_“_Ι‘άφ‘ά_.,images/QN+_box_post.jpg,’¥χ“Ϋ“«΅Ϋ “γό ΅Ο “«“Δ“χ “Δ“_‘΄_ “¥φ “Ρ«“Ρφ‘ά_.,no
307267,24-9 0:30:1,7,test2,book,NQ,short,regular,‘ά_“Ξ“Ϋ ‘ψ_“γΟ“χ “±Ι“_Ι‘άφ‘ά_.,images/NQ_book_post.jpg,‘ψ_“γΟ΅Ϋ “γό ¦Ξ“χ  “±Ι“γ “¥φ ’__“__‘ά_.,yes
307267,24-9 0:30:1,8,test4,triangle,NQ+,short,moreThan,‘ά_“Ξ“Ϋ ‘ψ_“_Ϋ“«“χ “γό‘»¬“_Ι‘άφ‘ά_.,images/NQ+_triangle_post.jpg,‘ψ_“_Ϋ“«΅Ϋ “γό ΅Ο “«“Δ“χ “γό‘»¬‘΄_ “¥φ “_Κ’Πφ‘ά_.,yes
307267,24-9 0:30:1,9,test8,pencil,NQ+,long,moreThan,‘ά_“Ξ“Ϋ “_Κ“φχ“χ “Ρ΅’¥γ“_Ι‘άφ‘ά_.,images/NQ+_pencil_post.jpg,“_Κ“φχ΅Ϋ ‘γ_ ΅Ο “«“Δ“χ “Ρ΅’¥γ“γ ‘¦Ϋ‘ΩΒ‘Ο¬‘_Β“¤Ϋ “¥_“¥χ‘ά_.,yes
307267,24-9 0:30:1,10,test1,bowling,QN,short,regular,‘ά_“Ξ“Ϋ “¤Ϋ“¥γ“χ ‘__‘¤’¥Ϋ“_Ι‘άφ‘ά_.,images/QN_bowling_post.jpg,“¤Ϋ“¥γ΅Ϋ ‘γ_ ΅Ο“χ  ‘__‘¤’¥Ϋ“γ “¥φ ‘γχ“Π«‘Ο¬‘Κό‘ά_.,no
910386,24-9 0:38:48,1,training1,training1,,NA,NA,‘ά_“Ξ“Ϋ ‘ψ_“_Ϋ“«“χ “Κγ“άΟ“_© _΅“ό’χ¥“_Ι‘άφ‘ά_.,images/training001.jpg,‘ψ_“_Ϋ“«΅Ϋ ‘γ_ ΅Ο“χ  _΅“ό’χ¥“γ “Κγ“άΟ’¥« ‘ “¤Ϋ “¥_“¥χ‘ά_.,yes
910386,24-9 0:38:48,2,training2,training2,,NA,NA,‘ά_“Ξ“Ϋ “γΟ“Ο_“«“χ “¥Κ“γ‘‘Β_ _Κ“ΠΤ“«“_Ι‘άφ‘ά_.,images/training002.jpg,“γΟ“Ο_“«΅Ϋ ‘Τ ‘¤φ‘_Β“χ  _Κ“ΠΤ“«‘΄_ “¥φ ’β_“_«‘ά_.,no
910386,24-9 0:38:48,3,test5,paper,QN,long,regular,‘ά_“Ξ“Ϋ “¤Ϋ’χό“χ “ΆΙ“«“_Ι‘άφ‘ά_.,images/QN_paper_post.jpg,“¤Ϋ’χό΅Ϋ ‘γ_ “_΄“χ  “ΆΙ“«‘΄_ µΒό΅“¤Ϋ “¥_“¥χ‘ά_.,yes
910386,24-9 0:38:48,4,test4,box,NQ+,short,moreThan,‘ά_“Ξ“Ϋ ‘ψ_“γΟ“χ “Δ“_“_Ι‘άφ‘ά_.,images/NQ+_box_post.jpg,‘ψ_“γΟ΅Ϋ “γό ΅Ο “«“Δ“χ “Δ“_‘΄_ “¥φ “Ρ«“Ρφ‘ά_.,yes
910386,24-9 0:38:48,5,test1,cup,QN,short,regular,‘ά_“Ξ“Ϋ “γΟ“Ρ΅“«“χ “Θµ“_Ι‘άφ‘ά_.,images/QN_cup_post.jpg,“γΟ“Ρ΅“«΅Ϋ ‘γ_ ΅Ο“χ  “Θµ“γ “¥φ ‘Υ_“¤Τ“Ρφ‘ά_.,yes
910386,24-9 0:38:48,6,test6,book,NQ,long,regular,‘ά_“Ξ“Ϋ “£_“έ“«“χ “±Ι“_Ι‘άφ‘ά_.,images/NQ_book_post.jpg,“£_“έ“«΅Ϋ “γό ¦Ξ“χ  “±Ι“γ ’__“_χ“¤Ϋ “¥_“¥χ‘ά_.,no
910386,24-9 0:38:48,7,test8,bowling,NQ+,long,moreThan,‘ά_“Ξ“Ϋ “¤Ϋ“¥γ“χ ‘__‘¤’¥Ϋ“_Ι‘άφ‘ά_.,images/NQ+_bowling_post.jpg,“¤Ϋ“¥γ΅Ϋ ‘γ_ ΅Ο “«“Δ“χ ‘__‘¤’¥Ϋ“γ ‘γχ“Π«‘Ο¬‘_Β“¤Ϋ “¥_“¥χ‘ά_.,no
910386,24-9 0:38:48,8,test2,pencil,NQ,short,regular,‘ά_“Ξ“Ϋ ’¥χ“Ϋ“«“χ “Ρ΅’¥γ“_Ι‘άφ‘ά_.,images/NQ_pencil_post.jpg,’¥χ“Ϋ“«΅Ϋ ‘γ_ ΅Ο“χ  “Ρ΅’¥γ“γ “¥φ ‘¦Ϋ‘ΩΒ‘Ο¬‘Κό‘ά_.,no
910386,24-9 0:38:48,9,test7,balloon,QN+,long,moreThan,‘ά_“Ξ“Ϋ “¤Ϋ“_΅“χ ’Υ“γΚ“_Ι‘άφ‘ά_.,images/QN+_balloon_post.jpg,“¤Ϋ“_΅΅Ϋ “γό ΅Ο “«“Δ“χ ’Υ“γΚ“γ ’γ΅’_ό‘_Β“¤Ϋ “¥_“¥χ‘ά_.,yes
910386,24-9 0:38:48,10,test3,triangle,QN+,short,moreThan,‘ά_“Ξ“Ϋ “_Κ“φχ“χ “γό‘»¬“_Ι‘άφ‘ά_.,images/QN+_triangle_post.jpg,“_Κ“φχ΅Ϋ “γό ΅Ο “«“Δ“χ “γό‘»¬‘΄_ “¥φ “_Κ’Πφ‘ά_.,yes
155704,25-9 0:30:5,1,training1,training1,,NA,NA,‘ά_“Ξ“Ϋ ’¥χ“Ϋ“«“χ “Κγ“άΟ“_© _΅“ό’χ¥“_Ι‘άφ‘ά_.,images/training001.jpg,’¥χ“Ϋ“«΅Ϋ ‘γ_ ΅Ο“χ  _΅“ό’χ¥“γ “Κγ“άΟ’¥« ‘ “¤Ϋ “¥_“¥χ‘ά_.,no
155704,25-9 0:30:5,2,training2,training2,,NA,NA,‘ά_“Ξ“Ϋ “γΟ“Ρ΅“«“χ “¥Κ“γ‘‘Β_ _Κ“ΠΤ“«“_Ι‘άφ‘ά_.,images/training002.jpg,“γΟ“Ρ΅“«΅Ϋ ‘Τ ‘¤φ‘_Β“χ  _Κ“ΠΤ“«‘΄_ “¥φ ’β_“_«‘ά_.,no
155704,25-9 0:30:5,3,test7,balloon,QN+,long,moreThan,‘ά_“Ξ“Ϋ “¤Ϋ“_΅“χ ’Υ“γΚ“_Ι‘άφ‘ά_.,images/QN+_balloon_post.jpg,“¤Ϋ“_΅΅Ϋ “γό ΅Ο “«“Δ“χ ’Υ“γΚ“γ ’γ΅’_ό‘_Β“¤Ϋ “¥_“¥χ‘ά_.,no
155704,25-9 0:30:5,4,test5,paper,QN,long,regular,‘ά_“Ξ“Ϋ ‘ψ_“_Ϋ“«“χ “ΆΙ“«“_Ι‘άφ‘ά_.,images/QN_paper_post.jpg,‘ψ_“_Ϋ“«΅Ϋ ‘γ_ “_΄“χ  “ΆΙ“«‘΄_ µΒό΅“¤Ϋ “¥_“¥χ‘ά_.,no
155704,25-9 0:30:5,5,test8,cup,NQ+,long,moreThan,‘ά_“Ξ“Ϋ “_Κ“φχ“χ “Θµ“_Ι‘άφ‘ά_.,images/NQ+_cup_post.jpg,“_Κ“φχ΅Ϋ ‘γ_ ΅Ο “«“Δ“χ “Θµ“γ ‘Υ_“¤Τ“¤Ϋ “¥_“¥χ‘ά_.,yes
155704,25-9 0:30:5,6,test6,box,NQ,long,regular,‘ά_“Ξ“Ϋ ‘ψ_“γΟ“χ “Δ“_“_Ι‘άφ‘ά_.,images/NQ_box_post.jpg,‘ψ_“γΟ΅Ϋ “γό ΅Ο“χ  “Δ“_‘΄_ “Ρ«“¤Ϋ “¥_“¥χ‘ά_.,yes
155704,25-9 0:30:5,7,test1,triangle,QN,short,regular,‘ά_“Ξ“Ϋ “γΟ“Ο_“«“χ “γό‘»¬“_Ι‘άφ‘ά_.,images/QN_triangle_post.jpg,“γΟ“Ο_“«΅Ϋ “γό ΅Ο“χ  “γό‘»¬‘΄_ “¥φ “_Κ’Πφ‘ά_.,yes
155704,25-9 0:30:5,8,test4,pencil,NQ+,short,moreThan,‘ά_“Ξ“Ϋ “£_“έ“«“χ “Ρ΅’¥γ“_Ι‘άφ‘ά_.,images/NQ+_pencil_post.jpg,“£_“έ“«΅Ϋ ‘γ_ ΅Ο “«“Δ“χ “Ρ΅’¥γ“γ “¥φ ‘¦Ϋ‘ΩΒ‘Ο¬‘Κό‘ά_.,yes
155704,25-9 0:30:5,9,test3,book,QN+,short,moreThan,‘ά_“Ξ“Ϋ “¤Ϋ“¥γ“χ “±Ι“_Ι‘άφ‘ά_.,images/QN+_book_post.jpg,“¤Ϋ“¥γ΅Ϋ “γό ¦Ξ “«“Δ“χ “±Ι“γ “¥φ ’__“__‘ά_.,yes
155704,25-9 0:30:5,10,test2,bowling,NQ,short,regular,‘ά_“Ξ“Ϋ “¤Ϋ’χό“χ ‘__‘¤’¥Ϋ“_Ι‘άφ‘ά_.,images/NQ_bowling_post.jpg,“¤Ϋ’χό΅Ϋ ‘γ_ ΅Ο“χ  ‘__‘¤’¥Ϋ“γ “¥φ ‘γχ“Π«‘Ο¬‘Κό‘ά_.,yes
198137,25-9 13:24:29,1,training1,training1,,NA,NA,‘ά_“Ξ“Ϋ “£_“έ“«“χ “Κγ“άΟ“_© _΅“ό’χ¥“_Ι‘άφ‘ά_.,images/training001.jpg,“£_“έ“«΅Ϋ ‘γ_ ΅Ο“χ  _΅“ό’χ¥“γ “Κγ“άΟ’¥« ‘ “¤Ϋ “¥_“¥χ‘ά_.,yes
198137,25-9 13:24:29,2,training2,training2,,NA,NA,‘ά_“Ξ“Ϋ “γΟ“Ο_“«“χ “¥Κ“γ‘‘Β_ _Κ“ΠΤ“«“_Ι‘άφ‘ά_.,images/training002.jpg,“γΟ“Ο_“«΅Ϋ ‘Τ ‘¤φ‘_Β“χ  _Κ“ΠΤ“«‘΄_ “¥φ ’β_“_«‘ά_.,no
198137,25-9 13:24:29,3,test1,bowling,QN,short,regular,‘ά_“Ξ“Ϋ ’¥χ“Ϋ“«“χ ‘__‘¤’¥Ϋ“_Ι‘άφ‘ά_.,images/QN_bowling_post.jpg,’¥χ“Ϋ“«΅Ϋ ‘γ_ ΅Ο“χ  ‘__‘¤’¥Ϋ“γ “¥φ ‘γχ“Π«‘Ο¬‘Κό‘ά_.,yes
198137,25-9 13:24:29,4,test6,cup,NQ,long,regular,‘ά_“Ξ“Ϋ ‘ψ_“_Ϋ“«“χ “Θµ“_Ι‘άφ‘ά_.,images/NQ_cup_post.jpg,‘ψ_“_Ϋ“«΅Ϋ ‘γ_ ΅Ο“χ  “Θµ“γ ‘Υ_“¤Τ“¤Ϋ “¥_“¥χ‘ά_.,yes
198137,25-9 13:24:29,5,test2,box,NQ,short,regular,‘ά_“Ξ“Ϋ ‘ψ_“γΟ“χ “Δ“_“_Ι‘άφ‘ά_.,images/NQ_box_post.jpg,‘ψ_“γΟ΅Ϋ “γό ΅Ο“χ  “Δ“_‘΄_ “¥φ “Ρ«“Ρφ‘ά_.,no
198137,25-9 13:24:29,6,test8,pencil,NQ+,long,moreThan,‘ά_“Ξ“Ϋ “¤Ϋ’χό“χ “Ρ΅’¥γ“_Ι‘άφ‘ά_.,images/NQ+_pencil_post.jpg,“¤Ϋ’χό΅Ϋ ‘γ_ ΅Ο “«“Δ“χ “Ρ΅’¥γ“γ ‘¦Ϋ‘ΩΒ‘Ο¬‘_Β“¤Ϋ “¥_“¥χ‘ά_.,no
198137,25-9 13:24:29,7,test7,book,QN+,long,moreThan,‘ά_“Ξ“Ϋ “_Κ“φχ“χ “±Ι“_Ι‘άφ‘ά_.,images/QN+_book_post.jpg,“_Κ“φχ΅Ϋ “γό ¦Ξ “«“Δ“χ “±Ι“γ ’__“_χ“¤Ϋ “¥_“¥χ‘ά_.,yes
198137,25-9 13:24:29,8,test4,triangle,NQ+,short,moreThan,‘ά_“Ξ“Ϋ “¤Ϋ“_΅“χ “γό‘»¬“_Ι‘άφ‘ά_.,images/NQ+_triangle_post.jpg,“¤Ϋ“_΅΅Ϋ “γό ΅Ο “«“Δ“χ “γό‘»¬‘΄_ “¥φ “_Κ’Πφ‘ά_.,no
198137,25-9 13:24:29,9,test5,paper,QN,long,regular,‘ά_“Ξ“Ϋ “¤Ϋ“¥γ“χ “ΆΙ“«“_Ι‘άφ‘ά_.,images/QN_paper_post.jpg,“¤Ϋ“¥γ΅Ϋ ‘γ_ “_΄“χ  “ΆΙ“«‘΄_ µΒό΅“¤Ϋ “¥_“¥χ‘ά_.,yes
198137,25-9 13:24:29,10,test3,balloon,QN+,short,moreThan,‘ά_“Ξ“Ϋ “γΟ“Ρ΅“«“χ ’Υ“γΚ“_Ι‘άφ‘ά_.,images/QN+_balloon_post.jpg,“γΟ“Ρ΅“«΅Ϋ “γό ΅Ο “«“Δ“χ ’Υ“γΚ“γ “¥φ ’γ΅’_ό‘Κό‘ά_.,yes